{
  "analyses": {
    "binance": {
      "adg": 0.08353125349639523,
      "calmar_ratio": 42782.768079000285,
      "drawdown_worst": 1.952450887285999e-6,
      "drawdown_worst_mean_1pct": 1.952450887285999e-6,
      "equity_balance_diff_max": 0.6414301639910469,
      "equity_balance_diff_mean": 0.0073777955756131166,
      "expected_shortfall_1pct": 1.9524508872269965e-6,
      "loss_profit_ratio": 0.029075081572009873,
      "mdg": 0.02255686222503328,
      "omega_ratio": 513394.21696351806,
      "sharpe_ratio": 0.4105826946493227,
      "sortino_ratio": 42782.76808029317,
      "sterling_ratio": 42782.768079000285
    },
    "bybit": {
      "adg": 0.029253777952766482,
      "calmar_ratio": 1.684034156037376,
      "drawdown_worst": 0.017371249774174542,
      "drawdown_worst_mean_1pct": 0.017371249774174542,
      "equity_balance_diff_max": 0.041530076735145305,
      "equity_balance_diff_mean": 0.005889045130084299,
      "expected_shortfall_1pct": 0.017371249774174553,
      "loss_profit_ratio": 0.027901340798757276,
      "mdg": 0.02941821596795293,
      "omega_ratio": 17.88886327652907,
      "sharpe_ratio": 0.9268586269508476,
      "sortino_ratio": 2.336871689627886,
      "sterling_ratio": 1.684034156037376
    }
  },
  "analyses_combined": {
    "adg_max": 0.08353125349639523,
    "adg_mean": 0.05639251572458086,
    "adg_min": 0.029253777952766482,
    "adg_std": 0.027138737771814372,
    "calmar_ratio_max": 42782.768079000285,
    "calmar_ratio_mean": 21392.22605657816,
    "calmar_ratio_min": 1.684034156037376,
    "calmar_ratio_std": 21390.542022422123,
    "drawdown_worst_max": 0.017371249774174542,
    "drawdown_worst_mean": 0.008686601112530914,
    "drawdown_worst_mean_1pct_max": 0.017371249774174542,
    "drawdown_worst_mean_1pct_mean": 0.008686601112530914,
    "drawdown_worst_mean_1pct_min": 1.952450887285999e-6,
    "drawdown_worst_mean_1pct_std": 0.008684648661643628,
    "drawdown_worst_min": 1.952450887285999e-6,
    "drawdown_worst_std": 0.008684648661643628,
    "equity_balance_diff_max_max": 0.6414301639910469,
    "equity_balance_diff_max_mean": 0.3414801203630961,
    "equity_balance_diff_max_min": 0.041530076735145305,
    "equity_balance_diff_max_std": 0.2999500436279508,
    "equity_balance_diff_mean_max": 0.0073777955756131166,
    "equity_balance_diff_mean_mean": 0.006633420352848708,
    "equity_balance_diff_mean_min": 0.005889045130084299,
    "equity_balance_diff_mean_std": 0.0007443752227644087,
    "expected_shortfall_1pct_max": 0.017371249774174553,
    "expected_shortfall_1pct_mean": 0.00868660111253089,
    "expected_shortfall_1pct_min": 1.9524508872269965e-6,
    "expected_shortfall_1pct_std": 0.008684648661643663,
    "loss_profit_ratio_max": 0.029075081572009873,
    "loss_profit_ratio_mean": 0.028488211185383576,
    "loss_profit_ratio_min": 0.027901340798757276,
    "loss_profit_ratio_std": 0.0005868703866262984,
    "mdg_max": 0.02941821596795293,
    "mdg_mean": 0.025987539096493106,
    "mdg_min": 0.02255686222503328,
    "mdg_std": 0.003430676871459825,
    "n_iters": 27512,
    "omega_ratio_max": 513394.21696351806,
    "omega_ratio_mean": 256706.0529133973,
    "omega_ratio_min": 17.88886327652907,
    "omega_ratio_std": 256688.16405012077,
    "sharpe_ratio_max": 0.9268586269508476,
    "sharpe_ratio_mean": 0.6687206608000852,
    "sharpe_ratio_min": 0.4105826946493227,
    "sharpe_ratio_std": 0.2581379661507625,
    "sortino_ratio_max": 42782.76808029317,
    "sortino_ratio_mean": 21392.5524759914,
    "sortino_ratio_min": 2.336871689627886,
    "sortino_ratio_std": 21390.21560430177,
    "sterling_ratio_max": 42782.768079000285,
    "sterling_ratio_mean": 21392.22605657816,
    "sterling_ratio_min": 1.684034156037376,
    "sterling_ratio_std": 21390.542022422123,
    "w_0": -0.025987539096493106,
    "w_1": -21392.5524759914
  },
  "backtest": {
    "base_dir": "backtests",
    "compress_cache": true,
    "end_date": "2024-12-11",
    "exchanges": ["bybit"],
    "start_date": "2024-11-28",
    "starting_balance": 400,