{
    "backtest": {
        "base_dir": "backtests",
        "combine_ohlcvs": true,
        "compress_cache": true,
        "end_date": "now",
        "exchanges": ["bybit"],
        "gap_tolerance_ohlcvs_minutes": 120.0,
        "start_date": "2025-01-27",
        "starting_balance": 500
    },
    "bot": {
        "long": {
            "close_grid_markup_range": 0.016374051087868276,
            "close_grid_min_markup": 0.024600935818588764,
            "close_grid_qty_pct": 0.9369449964161478,
            "close_trailing_grid_ratio": -0.5473854506974813,
            "close_trailing_qty_pct": 0.7478213641217912,
            "close_trailing_retracement_pct": 0.0055127599038630685,
            "close_trailing_threshold_pct": 0.0051164156263246155,
            "ema_span_0": 1008.7149992900128,
            "ema_span_1": 526.7296980582381,
            "enforce_exposure_limit": 1,
            "entry_grid_double_down_factor": 2.2948284894915636,
            "entry_grid_spacing_pct": 0.056350560273571784,
            "entry_grid_spacing_weight": 4.75000563640543,
            "entry_initial_ema_dist": -0.022711377984863217,
            "entry_initial_qty_pct": 0.07202143772125894,
            "entry_trailing_grid_ratio": -0.6975720233439042,
            "entry_trailing_retracement_pct": 0.05643604137918232,
            "entry_trailing_threshold_pct": 0.035855061039104665,
            "filter_relative_volume_clip_pct": 0.7513910226983062,
            "filter_rolling_window": 189.3800586101828,
            "n_positions": 1.7912543768289633,
            "total_wallet_exposure_limit": 0.4278018303401417,
            "unstuck_close_pct": 0.08751033967488484,
            "unstuck_ema_dist": -0.09606177061026083,
            "unstuck_loss_allowance_pct": 0.017966432767226422,
            "unstuck_threshold": 0.420726439896574
        },
        "short": {
            "close_grid_markup_range": 0.01641374253239692,
            "close_grid_min_markup": 0.015055526410205718,
            "close_grid_qty_pct": 0.3425183164209713,
            "close_trailing_grid_ratio": -0.6513862134944112,
            "close_trailing_qty_pct": 0.4492461345879425,
            "close_trailing_retracement_pct": 0.01392131444074091,
            "close_trailing_threshold_pct": 0.02231548838556411,
            "ema_span_0": 371.77267799611735,
            "ema_span_1": 764.8368627934202,
            "enforce_exposure_limit": 1,
            "entry_grid_double_down_factor": 2.4322472272575393,
            "entry_grid_spacing_pct": 0.03704140746968756,
            "entry_grid_spacing_weight": 2.8373211428821534,
            "entry_initial_ema_dist": -0.06094287834952925,
            "entry_initial_qty_pct": 0.243874725360966,
            "entry_trailing_grid_ratio": -0.7436726523555426,
            "entry_trailing_retracement_pct": 0.043737101069358846,
            "entry_trailing_threshold_pct": 0.03948622940553267,
            "filter_relative_volume_clip_pct": 0.9933638899249134,
            "filter_rolling_window": 79.9925479160551,
            "n_positions": 1.578549248270462,
            "total_wallet_exposure_limit": 0.45040860836726443,
            "unstuck_close_pct": 0.07354933242886745,
            "unstuck_ema_dist": -0.0034087123445346516,
            "unstuck_loss_allowance_pct": 0.004768900555796063,
            "unstuck_threshold": 0.6364437630291532
        }
    },
    "live": {
        "approved_coins": ["FARTCOIN", "OP"],
        "auto_gs": true,
        "coin_flags": {},
        "empty_means_all_approved": true,
        "execution_delay_seconds": 2.0,
        "filter_by_min_effective_cost": true,
        "forced_mode_long": "",
        "forced_mode_short": "",
        "ignored_coins": { "long": [], "short": [] },
        "leverage": 10.0,
        "market_orders_allowed": true,
        "max_n_cancellations_per_batch": 5,
        "max_n_creations_per_batch": 3,
        "max_n_restarts_per_day": 10,
        "minimum_coin_age_days": 30.0,
        "ohlcvs_1m_rolling_window_days": 4.0,
        "ohlcvs_1m_update_after_minutes": 10.0,
        "pnls_max_lookback_days": 30.0,
        "price_distance_threshold": 0.002,
        "time_in_force": "good_till_cancelled",
        "user": "bybit_passivbot"
    },
    "optimize": {
        "bounds": {
            "long_close_grid_markup_range": [0, 0.03],
            "long_close_grid_min_markup": [0.001, 0.03],
            "long_close_grid_qty_pct": [0.05, 1.0],
            "long_close_trailing_grid_ratio": [-0.75, -0.5],
            "long_close_trailing_qty_pct": [0.05, 1.0],
            "long_close_trailing_retracement_pct": [0.005, 0.015],
            "long_close_trailing_threshold_pct": [0.005, 0.03],
            "long_ema_span_0": [200, 1440],
            "long_ema_span_1": [200, 1440],
            "long_entry_grid_double_down_factor": [1.0, 3.0],
            "long_entry_grid_spacing_pct": [0.001, 0.06],
            "long_entry_grid_spacing_weight": [0, 5],
            "long_entry_initial_ema_dist": [-0.1, 0.003],
            "long_entry_initial_qty_pct": [0.05, 0.25],
            "long_entry_trailing_grid_ratio": [-0.75, -0.5],
            "long_entry_trailing_retracement_pct": [0.01, 0.1],
            "long_entry_trailing_threshold_pct": [0.01, 0.1],
            "long_filter_relative_volume_clip_pct": [0, 1],
            "long_filter_rolling_window": [10, 360],
            "long_n_positions": [1.5, 2.4],
            "long_total_wallet_exposure_limit": [0.05, 0.5],
            "long_unstuck_close_pct": [0.001, 0.1],
            "long_unstuck_ema_dist": [-0.1, 0.01],
            "long_unstuck_loss_allowance_pct": [0.001, 0.05],
            "long_unstuck_threshold": [0.4, 0.95],
            "short_close_grid_markup_range": [0, 0.03],
            "short_close_grid_min_markup": [0.001, 0.03],
            "short_close_grid_qty_pct": [0.05, 1.0],
            "short_close_trailing_grid_ratio": [-0.75, -0.5],
            "short_close_trailing_qty_pct": [0.05, 1.0],
            "short_close_trailing_retracement_pct": [0.005, 0.015],
            "short_close_trailing_threshold_pct": [0.005, 0.03],
            "short_ema_span_0": [200, 1440],
            "short_ema_span_1": [200, 1440],
            "short_entry_grid_double_down_factor": [1.0, 3.0],
            "short_entry_grid_spacing_pct": [0.001, 0.06],
            "short_entry_grid_spacing_weight": [0, 5],
            "short_entry_initial_ema_dist": [-0.1, 0.003],
            "short_entry_initial_qty_pct": [0.05, 0.25],
            "short_entry_trailing_grid_ratio": [-0.75, -0.5],
            "short_entry_trailing_retracement_pct": [0.01, 0.05],
            "short_entry_trailing_threshold_pct": [0.01, 0.1],
            "short_filter_relative_volume_clip_pct": [0, 1],
            "short_filter_rolling_window": [10, 360],
            "short_n_positions": [1.5, 2.4],
            "short_total_wallet_exposure_limit": [0.05, 0.5],
            "short_unstuck_close_pct": [0.001, 0.1],
            "short_unstuck_ema_dist": [-0.1, 0.01],
            "short_unstuck_loss_allowance_pct": [0.001, 0.05],
            "short_unstuck_threshold": [0.4, 0.95]
        },
        "compress_results_file": true,
        "crossover_probability": 0.7,
        "iters": 300000,
        "limits": {
            "lower_bound_drawdown_worst": 0.333,
            "lower_bound_drawdown_worst_mean_1pct": 0.2,
            "lower_bound_equity_balance_diff_neg_max": 0.4,
            "lower_bound_equity_balance_diff_neg_mean": 0.01,
            "lower_bound_equity_balance_diff_pos_max": 0.5,
            "lower_bound_equity_balance_diff_pos_mean": 0.02,
            "lower_bound_loss_profit_ratio": 0.5
        },
        "mutation_probability": 0.2,
        "n_cpus": 10,
        "population_size": 500,
        "scoring": ["mdg", "sterling_ratio"]
    }
}
