{
    "backtest": {
        "base_dir": "backtests",
        "combine_ohlcvs": true,
        "compress_cache": true,
        "end_date": "now",
        "exchanges": ["bybit"],
        "gap_tolerance_ohlcvs_minutes": 120.0,
        "start_date": "2025-02-01",
        "starting_balance": 10000
    },
    "bot": {
        "long": {
            "close_grid_markup_range": 0.005617125337104281,
            "close_grid_min_markup": 0.002004182662011218,
            "close_grid_qty_pct": 1.0,
            "close_trailing_grid_ratio": 0.0,
            "close_trailing_qty_pct": 0.0,
            "close_trailing_retracement_pct": 0.0,
            "close_trailing_threshold_pct": 0.0,
            "ema_span_0": 929.8502583597335,
            "ema_span_1": 1138.279882900082,
            "enforce_exposure_limit": true,
            "entry_grid_double_down_factor": 2.585569889680832,
            "entry_grid_spacing_pct": 0.013298665769676424,
            "entry_grid_spacing_weight": 2.910101849793548,
            "entry_initial_ema_dist": -0.009158718081185539,
            "entry_initial_qty_pct": 0.025752119039556962,
            "entry_trailing_grid_ratio": 0.0,
            "entry_trailing_retracement_pct": 0.0,
            "entry_trailing_threshold_pct": 0.0,
            "filter_relative_volume_clip_pct": 0.6527566634262226,
            "filter_rolling_window": 229.75020258613367,
            "n_positions": 3.0,
            "total_wallet_exposure_limit": 0.24461535899017295,
            "unstuck_close_pct": 0.04089097217661052,
            "unstuck_ema_dist": -0.09847396393034828,
            "unstuck_loss_allowance_pct": 0.04831654993745249,
            "unstuck_threshold": 0.8661097518207166
        },
        "short": {
            "close_grid_markup_range": 0.005499750632098326,
            "close_grid_min_markup": 0.0033755581499998227,
            "close_grid_qty_pct": 0.7351998514382219,
            "close_trailing_grid_ratio": -0.44421516861107174,
            "close_trailing_qty_pct": 0.7683520893961172,
            "close_trailing_retracement_pct": 0.009905935288776944,
            "close_trailing_threshold_pct": 0.010352928967291937,
            "ema_span_0": 281.20725919682496,
            "ema_span_1": 331.63181451066436,
            "enforce_exposure_limit": true,
            "entry_grid_double_down_factor": 2.6143686141823403,
            "entry_grid_spacing_pct": 0.014617543372612929,
            "entry_grid_spacing_weight": 4.641115553564162,
            "entry_initial_ema_dist": -0.011511140082732536,
            "entry_initial_qty_pct": 0.026163831415912667,
            "entry_trailing_grid_ratio": -0.6102689447305782,
            "entry_trailing_retracement_pct": 0.005820454309852142,
            "entry_trailing_threshold_pct": 0.018426938542947326,
            "filter_relative_volume_clip_pct": 0.6824631703769568,
            "filter_rolling_window": 107.49872802701788,
            "n_positions": 3.0,
            "total_wallet_exposure_limit": 0.499279980756476,
            "unstuck_close_pct": 0.04029430549450508,
            "unstuck_ema_dist": -0.028889214854881252,
            "unstuck_loss_allowance_pct": 0.0011160790411762014,
            "unstuck_threshold": 0.8933679339143689
        }
    },
    "live": {
        "approved_coins": ["FARTCOIN"],
        "auto_gs": true,
        "coin_flags": {},
        "empty_means_all_approved": true,
        "execution_delay_seconds": 2.0,
        "filter_by_min_effective_cost": true,
        "forced_mode_long": "",
        "forced_mode_short": "",
        "ignored_coins": { "long": [], "short": [] },
        "leverage": 10.0,
        "market_orders_allowed": true,
        "max_n_cancellations_per_batch": 5,
        "max_n_creations_per_batch": 3,
        "max_n_restarts_per_day": 10,
        "minimum_coin_age_days": 30.0,
        "ohlcvs_1m_rolling_window_days": 4.0,
        "ohlcvs_1m_update_after_minutes": 10.0,
        "pnls_max_lookback_days": 30.0,
        "price_distance_threshold": 0.002,
        "time_in_force": "good_till_cancelled",
        "user": "bybit_passivbot"
    },
    "optimize": {
        "bounds": {
            "long_close_grid_markup_range": [0.005, 0.015],
            "long_close_grid_min_markup": [0.001, 0.005],
            "long_close_grid_qty_pct": [1, 1],
            "long_close_trailing_grid_ratio": [0, 0],
            "long_close_trailing_qty_pct": [0, 0],
            "long_close_trailing_retracement_pct": [0, 0],
            "long_close_trailing_threshold_pct": [0, 0],
            "long_ema_span_0": [200, 1440],
            "long_ema_span_1": [200, 1440],
            "long_entry_grid_double_down_factor": [2, 3],
            "long_entry_grid_spacing_pct": [0.005, 0.015],
            "long_entry_grid_spacing_weight": [0, 5],
            "long_entry_initial_ema_dist": [-0.1, 0.003],
            "long_entry_initial_qty_pct": [0.025, 0.05],
            "long_entry_trailing_grid_ratio": [0, 0],
            "long_entry_trailing_retracement_pct": [0, 0],
            "long_entry_trailing_threshold_pct": [0, 0],
            "long_filter_relative_volume_clip_pct": [0.6527566634262226, 0.6527566634262226],
            "long_filter_rolling_window": [229.75020258613367, 229.75020258613367],
            "long_n_positions": [3.0, 3.0],
            "long_total_wallet_exposure_limit": [0.24461535899017295, 0.24461535899017295],
            "long_unstuck_close_pct": [0.04089097217661052, 0.04089097217661052],
            "long_unstuck_ema_dist": [-0.1, 0.01],
            "long_unstuck_loss_allowance_pct": [0.04831654993745249, 0.04831654993745249],
            "long_unstuck_threshold": [0.75, 0.95],

            "short_close_grid_markup_range": [0.005, 0.015],
            "short_close_grid_min_markup": [0.001, 0.005],
            "short_close_grid_qty_pct": [0.5, 0.75],
            "short_close_trailing_grid_ratio": [-0.5, -0.25],
            "short_close_trailing_qty_pct": [0.75, 0.95],
            "short_close_trailing_retracement_pct": [0.005, 0.01],
            "short_close_trailing_threshold_pct": [0.01, 0.02],
            "short_ema_span_0": [200, 1440],
            "short_ema_span_1": [200, 1440],
            "short_entry_grid_double_down_factor": [2, 3],
            "short_entry_grid_spacing_pct": [0.005, 0.015],
            "short_entry_grid_spacing_weight": [0, 5],
            "short_entry_initial_ema_dist": [-0.1, 0.003],
            "short_entry_initial_qty_pct": [0.025, 0.05],
            "short_entry_trailing_grid_ratio": [-0.75, -0.5],
            "short_entry_trailing_retracement_pct": [0.005, 0.01],
            "short_entry_trailing_threshold_pct": [0.01, 0.02],
            "short_filter_relative_volume_clip_pct": [0.6824631703769568, 0.6824631703769568],
            "short_filter_rolling_window": [107.49872802701788, 107.49872802701788],
            "short_n_positions": [3.0, 3.0],
            "short_total_wallet_exposure_limit": [0.499279980756476, 0.499279980756476],
            "short_unstuck_close_pct": [0.04029430549450508, 0.04029430549450508],
            "short_unstuck_ema_dist": [-0.1, 0.01],
            "short_unstuck_loss_allowance_pct": [0.0011160790411762014, 0.0011160790411762014],
            "short_unstuck_threshold": [0.75, 0.95]
        },
        "compress_results_file": true,
        "crossover_probability": 0.7,
        "iters": 300000,
        "limits": {
            "lower_bound_drawdown_worst": 0.333,
            "lower_bound_drawdown_worst_mean_1pct": 0.1,
            "lower_bound_equity_balance_diff_neg_max": 0.4,
            "lower_bound_equity_balance_diff_neg_mean": 0.01,
            "lower_bound_equity_balance_diff_pos_max": 0.5,
            "lower_bound_equity_balance_diff_pos_mean": 0.02,
            "lower_bound_loss_profit_ratio": 0.5
        },
        "mutation_probability": 0.2,
        "n_cpus": 10,
        "population_size": 500,
        "scoring": ["mdg", "sterling_ratio"]
    }
}
