{
    "backtest": {
        "base_dir": "backtests",
        "combine_ohlcvs": true,
        "compress_cache": true,
        "end_date": "now",
        "exchanges": ["bybit"],
        "gap_tolerance_ohlcvs_minutes": 120.0,
        "start_date": "2025-02-01",
        "starting_balance": 10000
    },
    "bot": {
        "long": {
            "close_grid_markup_range": 0.01446218670727354,
            "close_grid_min_markup": 0.004813147423672081,
            "close_grid_qty_pct": 1.0,
            "close_trailing_grid_ratio": 0.0,
            "close_trailing_qty_pct": 0.0,
            "close_trailing_retracement_pct": 0.0,
            "close_trailing_threshold_pct": 0.0,
            "ema_span_0": 1333.9621575608296,
            "ema_span_1": 779.9302825732963,
            "enforce_exposure_limit": true,
            "entry_grid_double_down_factor": 2.3367799834232237,
            "entry_grid_spacing_pct": 0.01256585208217385,
            "entry_grid_spacing_weight": 0.8822134796160597,
            "entry_initial_ema_dist": -0.08162847756563546,
            "entry_initial_qty_pct": 0.0307292486567438,
            "entry_trailing_grid_ratio": 0.0,
            "entry_trailing_retracement_pct": 0.0,
            "entry_trailing_threshold_pct": 0.0,
            "filter_relative_volume_clip_pct": 0.6527566634262226,
            "filter_rolling_window": 229.75020258613367,
            "n_positions": 3.0,
            "total_wallet_exposure_limit": 0.24461535899017295,
            "unstuck_close_pct": 0.04089097217661052,
            "unstuck_ema_dist": -0.09485877511430009,
            "unstuck_loss_allowance_pct": 0.04831654993745249,
            "unstuck_threshold": 0.8032689841543798
        },
        "short": {
            "close_grid_markup_range": 0.013960167695161304,
            "close_grid_min_markup": 0.0024008063878729322,
            "close_grid_qty_pct": 0.5299176755058842,
            "close_trailing_grid_ratio": -0.2884984900926699,
            "close_trailing_qty_pct": 0.9179902637988435,
            "close_trailing_retracement_pct": 0.005680147857228672,
            "close_trailing_threshold_pct": 0.010018794284268908,
            "ema_span_0": 385.92885488729246,
            "ema_span_1": 406.8862320449242,
            "enforce_exposure_limit": true,
            "entry_grid_double_down_factor": 2.6775232037865706,
            "entry_grid_spacing_pct": 0.013577654384533937,
            "entry_grid_spacing_weight": 4.691405431084291,
            "entry_initial_ema_dist": -0.0007284160179132291,
            "entry_initial_qty_pct": 0.03859241698314407,
            "entry_trailing_grid_ratio": -0.66804951500415,
            "entry_trailing_retracement_pct": 0.006318353645385613,
            "entry_trailing_threshold_pct": 0.011572889199065526,
            "filter_relative_volume_clip_pct": 0.6824631703769568,
            "filter_rolling_window": 107.49872802701788,
            "n_positions": 3.0,
            "total_wallet_exposure_limit": 0.499279980756476,
            "unstuck_close_pct": 0.04029430549450508,
            "unstuck_ema_dist": -0.0708585823150793,
            "unstuck_loss_allowance_pct": 0.0011160790411762014,
            "unstuck_threshold": 0.8546377934038806
        }
    },
    "live": {
        "approved_coins": ["HYPE"],
        "auto_gs": true,
        "coin_flags": {},
        "empty_means_all_approved": true,
        "execution_delay_seconds": 2.0,
        "filter_by_min_effective_cost": true,
        "forced_mode_long": "",
        "forced_mode_short": "",
        "ignored_coins": { "long": [], "short": [] },
        "leverage": 10.0,
        "market_orders_allowed": true,
        "max_n_cancellations_per_batch": 5,
        "max_n_creations_per_batch": 3,
        "max_n_restarts_per_day": 10,
        "minimum_coin_age_days": 30.0,
        "ohlcvs_1m_rolling_window_days": 4.0,
        "ohlcvs_1m_update_after_minutes": 10.0,
        "pnls_max_lookback_days": 30.0,
        "price_distance_threshold": 0.002,
        "time_in_force": "good_till_cancelled",
        "user": "bybit_passivbot"
    },
    "optimize": {
        "bounds": {
            "long_close_grid_markup_range": [0.005, 0.015],
            "long_close_grid_min_markup": [0.001, 0.005],
            "long_close_grid_qty_pct": [1, 1],
            "long_close_trailing_grid_ratio": [0, 0],
            "long_close_trailing_qty_pct": [0, 0],
            "long_close_trailing_retracement_pct": [0, 0],
            "long_close_trailing_threshold_pct": [0, 0],
            "long_ema_span_0": [200, 1440],
            "long_ema_span_1": [200, 1440],
            "long_entry_grid_double_down_factor": [2, 3],
            "long_entry_grid_spacing_pct": [0.005, 0.015],
            "long_entry_grid_spacing_weight": [0, 5],
            "long_entry_initial_ema_dist": [-0.1, 0.003],
            "long_entry_initial_qty_pct": [0.025, 0.05],
            "long_entry_trailing_grid_ratio": [0, 0],
            "long_entry_trailing_retracement_pct": [0, 0],
            "long_entry_trailing_threshold_pct": [0, 0],
            "long_filter_relative_volume_clip_pct": [0.6527566634262226, 0.6527566634262226],
            "long_filter_rolling_window": [229.75020258613367, 229.75020258613367],
            "long_n_positions": [3.0, 3.0],
            "long_total_wallet_exposure_limit": [0.24461535899017295, 0.24461535899017295],
            "long_unstuck_close_pct": [0.04089097217661052, 0.04089097217661052],
            "long_unstuck_ema_dist": [-0.1, 0.01],
            "long_unstuck_loss_allowance_pct": [0.04831654993745249, 0.04831654993745249],
            "long_unstuck_threshold": [0.75, 0.95],

            "short_close_grid_markup_range": [0.005, 0.015],
            "short_close_grid_min_markup": [0.001, 0.005],
            "short_close_grid_qty_pct": [0.5, 0.75],
            "short_close_trailing_grid_ratio": [-0.5, -0.25],
            "short_close_trailing_qty_pct": [0.75, 0.95],
            "short_close_trailing_retracement_pct": [0.005, 0.01],
            "short_close_trailing_threshold_pct": [0.01, 0.02],
            "short_ema_span_0": [200, 1440],
            "short_ema_span_1": [200, 1440],
            "short_entry_grid_double_down_factor": [2, 3],
            "short_entry_grid_spacing_pct": [0.005, 0.015],
            "short_entry_grid_spacing_weight": [0, 5],
            "short_entry_initial_ema_dist": [-0.1, 0.003],
            "short_entry_initial_qty_pct": [0.025, 0.05],
            "short_entry_trailing_grid_ratio": [-0.75, -0.5],
            "short_entry_trailing_retracement_pct": [0.005, 0.01],
            "short_entry_trailing_threshold_pct": [0.01, 0.02],
            "short_filter_relative_volume_clip_pct": [0.6824631703769568, 0.6824631703769568],
            "short_filter_rolling_window": [107.49872802701788, 107.49872802701788],
            "short_n_positions": [3.0, 3.0],
            "short_total_wallet_exposure_limit": [0.499279980756476, 0.499279980756476],
            "short_unstuck_close_pct": [0.04029430549450508, 0.04029430549450508],
            "short_unstuck_ema_dist": [-0.1, 0.01],
            "short_unstuck_loss_allowance_pct": [0.0011160790411762014, 0.0011160790411762014],
            "short_unstuck_threshold": [0.75, 0.95]
        },
        "compress_results_file": true,
        "crossover_probability": 0.7,
        "iters": 300000,
        "limits": {
            "lower_bound_drawdown_worst": 0.333,
            "lower_bound_drawdown_worst_mean_1pct": 0.1,
            "lower_bound_equity_balance_diff_neg_max": 0.4,
            "lower_bound_equity_balance_diff_neg_mean": 0.01,
            "lower_bound_equity_balance_diff_pos_max": 0.5,
            "lower_bound_equity_balance_diff_pos_mean": 0.02,
            "lower_bound_loss_profit_ratio": 0.5
        },
        "mutation_probability": 0.2,
        "n_cpus": 10,
        "population_size": 500,
        "scoring": ["mdg", "sterling_ratio"]
    }
}
