{
    "backtest": {
        "base_dir": "backtests",
        "combine_ohlcvs": true,
        "compress_cache": true,
        "end_date": "now",
        "exchanges": ["bybit"],
        "gap_tolerance_ohlcvs_minutes": 120.0,
        "start_date": "2025-02-01",
        "starting_balance": 10000
    },
    "bot": {
        "long": {
            "close_grid_markup_range": 0.014971858395907107,
            "close_grid_min_markup": 0.003801959862136053,
            "close_grid_qty_pct": 1.0,
            "close_trailing_grid_ratio": 0.0,
            "close_trailing_qty_pct": 0.0,
            "close_trailing_retracement_pct": 0.0,
            "close_trailing_threshold_pct": 0.0,
            "ema_span_0": 1186.9734333422166,
            "ema_span_1": 1041.2616840787764,
            "enforce_exposure_limit": true,
            "entry_grid_double_down_factor": 2.9015794937003143,
            "entry_grid_spacing_pct": 0.011617028430224597,
            "entry_grid_spacing_weight": 4.013767115298408,
            "entry_initial_ema_dist": -0.09899121431584951,
            "entry_initial_qty_pct": 0.029272914768468355,
            "entry_trailing_grid_ratio": 0.0,
            "entry_trailing_retracement_pct": 0.0,
            "entry_trailing_threshold_pct": 0.0,
            "filter_relative_volume_clip_pct": 0.6527566634262226,
            "filter_rolling_window": 229.75020258613367,
            "n_positions": 3.0,
            "total_wallet_exposure_limit": 0.24461535899017295,
            "unstuck_close_pct": 0.04089097217661052,
            "unstuck_ema_dist": 0.00858628067846433,
            "unstuck_loss_allowance_pct": 0.04831654993745249,
            "unstuck_threshold": 0.9347358148411223
        },
        "short": {
            "close_grid_markup_range": 0.013221395429361734,
            "close_grid_min_markup": 0.0026599479663268603,
            "close_grid_qty_pct": 0.5432030655258012,
            "close_trailing_grid_ratio": -0.48684333975689176,
            "close_trailing_qty_pct": 0.8646497863373424,
            "close_trailing_retracement_pct": 0.005068426762493248,
            "close_trailing_threshold_pct": 0.011214836822729822,
            "ema_span_0": 1407.318442694662,
            "ema_span_1": 1399.97182144185,
            "enforce_exposure_limit": true,
            "entry_grid_double_down_factor": 2.578568062869662,
            "entry_grid_spacing_pct": 0.009401155092804802,
            "entry_grid_spacing_weight": 2.831463963596814,
            "entry_initial_ema_dist": 0.0010758678022574231,
            "entry_initial_qty_pct": 0.04225938745258825,
            "entry_trailing_grid_ratio": -0.6263462610824616,
            "entry_trailing_retracement_pct": 0.008623633907782476,
            "entry_trailing_threshold_pct": 0.010884140793346953,
            "filter_relative_volume_clip_pct": 0.6824631703769568,
            "filter_rolling_window": 107.49872802701788,
            "n_positions": 3.0,
            "total_wallet_exposure_limit": 0.499279980756476,
            "unstuck_close_pct": 0.04029430549450508,
            "unstuck_ema_dist": -0.004755634692534467,
            "unstuck_loss_allowance_pct": 0.0011160790411762014,
            "unstuck_threshold": 0.9107370988298487
        }
    },
    "live": {
        "approved_coins": ["OP"],
        "auto_gs": true,
        "coin_flags": {},
        "empty_means_all_approved": true,
        "execution_delay_seconds": 2.0,
        "filter_by_min_effective_cost": true,
        "forced_mode_long": "",
        "forced_mode_short": "",
        "ignored_coins": { "long": [], "short": [] },
        "leverage": 10.0,
        "market_orders_allowed": true,
        "max_n_cancellations_per_batch": 5,
        "max_n_creations_per_batch": 3,
        "max_n_restarts_per_day": 10,
        "minimum_coin_age_days": 30.0,
        "ohlcvs_1m_rolling_window_days": 4.0,
        "ohlcvs_1m_update_after_minutes": 10.0,
        "pnls_max_lookback_days": 30.0,
        "price_distance_threshold": 0.002,
        "time_in_force": "good_till_cancelled",
        "user": "bybit_passivbot"
    },
    "optimize": {
        "bounds": {
            "long_close_grid_markup_range": [0.005, 0.015],
            "long_close_grid_min_markup": [0.001, 0.005],
            "long_close_grid_qty_pct": [1, 1],
            "long_close_trailing_grid_ratio": [0, 0],
            "long_close_trailing_qty_pct": [0, 0],
            "long_close_trailing_retracement_pct": [0, 0],
            "long_close_trailing_threshold_pct": [0, 0],
            "long_ema_span_0": [200, 1440],
            "long_ema_span_1": [200, 1440],
            "long_entry_grid_double_down_factor": [2, 3],
            "long_entry_grid_spacing_pct": [0.005, 0.015],
            "long_entry_grid_spacing_weight": [0, 5],
            "long_entry_initial_ema_dist": [-0.1, 0.003],
            "long_entry_initial_qty_pct": [0.025, 0.05],
            "long_entry_trailing_grid_ratio": [0, 0],
            "long_entry_trailing_retracement_pct": [0, 0],
            "long_entry_trailing_threshold_pct": [0, 0],
            "long_filter_relative_volume_clip_pct": [0.6527566634262226, 0.6527566634262226],
            "long_filter_rolling_window": [229.75020258613367, 229.75020258613367],
            "long_n_positions": [3.0, 3.0],
            "long_total_wallet_exposure_limit": [0.24461535899017295, 0.24461535899017295],
            "long_unstuck_close_pct": [0.04089097217661052, 0.04089097217661052],
            "long_unstuck_ema_dist": [-0.1, 0.01],
            "long_unstuck_loss_allowance_pct": [0.04831654993745249, 0.04831654993745249],
            "long_unstuck_threshold": [0.75, 0.95],

            "short_close_grid_markup_range": [0.005, 0.015],
            "short_close_grid_min_markup": [0.001, 0.005],
            "short_close_grid_qty_pct": [0.5, 0.75],
            "short_close_trailing_grid_ratio": [-0.5, -0.25],
            "short_close_trailing_qty_pct": [0.75, 0.95],
            "short_close_trailing_retracement_pct": [0.005, 0.01],
            "short_close_trailing_threshold_pct": [0.01, 0.02],
            "short_ema_span_0": [200, 1440],
            "short_ema_span_1": [200, 1440],
            "short_entry_grid_double_down_factor": [2, 3],
            "short_entry_grid_spacing_pct": [0.005, 0.015],
            "short_entry_grid_spacing_weight": [0, 5],
            "short_entry_initial_ema_dist": [-0.1, 0.003],
            "short_entry_initial_qty_pct": [0.025, 0.05],
            "short_entry_trailing_grid_ratio": [-0.75, -0.5],
            "short_entry_trailing_retracement_pct": [0.005, 0.01],
            "short_entry_trailing_threshold_pct": [0.01, 0.02],
            "short_filter_relative_volume_clip_pct": [0.6824631703769568, 0.6824631703769568],
            "short_filter_rolling_window": [107.49872802701788, 107.49872802701788],
            "short_n_positions": [3.0, 3.0],
            "short_total_wallet_exposure_limit": [0.499279980756476, 0.499279980756476],
            "short_unstuck_close_pct": [0.04029430549450508, 0.04029430549450508],
            "short_unstuck_ema_dist": [-0.1, 0.01],
            "short_unstuck_loss_allowance_pct": [0.0011160790411762014, 0.0011160790411762014],
            "short_unstuck_threshold": [0.75, 0.95]
        },
        "compress_results_file": true,
        "crossover_probability": 0.7,
        "iters": 300000,
        "limits": {
            "lower_bound_drawdown_worst": 0.333,
            "lower_bound_drawdown_worst_mean_1pct": 0.1,
            "lower_bound_equity_balance_diff_neg_max": 0.4,
            "lower_bound_equity_balance_diff_neg_mean": 0.01,
            "lower_bound_equity_balance_diff_pos_max": 0.5,
            "lower_bound_equity_balance_diff_pos_mean": 0.02,
            "lower_bound_loss_profit_ratio": 0.5
        },
        "mutation_probability": 0.2,
        "n_cpus": 10,
        "population_size": 500,
        "scoring": ["mdg", "sterling_ratio"]
    }
}
