{"analysis": {"adg": 0.02546406770798537,
              "adg_w": 0.02231677369987346,
              "calmar_ratio": 0.10633764969544837,
              "calmar_ratio_w": 112.93221780599204,
              "drawdown_worst": 0.23946427047160254,
              "drawdown_worst_mean_1pct": 0.23946427047160254,
              "equity_balance_diff_neg_max": 0.25728091240253526,
              "equity_balance_diff_neg_mean": 0.012249652705977814,
              "equity_balance_diff_pos_max": 0.015722109384817714,
              "equity_balance_diff_pos_mean": 0.0017953421743962914,
              "equity_choppiness": 1.4662686766395119,
              "equity_choppiness_w": 1.147903646240652,
              "equity_jerkiness": 0.04883026995600851,
              "equity_jerkiness_w": 0.0318389749681291,
              "expected_shortfall_1pct": 0.2376689924883388,
              "exponential_fit_error": 0.015525656305687236,
              "exponential_fit_error_w": 0.0036426893380337106,
              "gain": 17.21646391460614,
              "loss_profit_ratio": 0.15595321965788744,
              "loss_profit_ratio_long": 0.08288184992792756,
              "loss_profit_ratio_short": 0.17284476684442548,
              "loss_profit_ratio_w": 0.04553667675367149,
              "mdg": 0.024576335614456803,
              "mdg_w": 0.02645134126719556,
              "omega_ratio": 5.175684137161747,
              "omega_ratio_w": null,
              "pnl_ratio_long_short": 0.20401620893182584,
              "position_held_hours_max": 88.1,
              "position_held_hours_mean": 3.569454770755886,
              "position_held_hours_median": 0.9666666666666667,
              "position_unchanged_hours_max": 50.88333333333333,
              "positions_held_per_day": 12.009003032012847,
              "sharpe_ratio": 0.3392045109388729,
              "sharpe_ratio_w": 0.7425396163272946,
              "sortino_ratio": 0.32026834668427795,
              "sortino_ratio_w": 113.05041966105262,
              "sterling_ratio": 0.10633764969544837,
              "sterling_ratio_w": 112.93221780599204},
 "backtest": {"base_dir": "backtests",
              "cache_dir": {"combined": "caches/hlcvs_data/04d86773cd8caacd"},
              "coins": {"combined": ["HYPE"]},
              "combine_ohlcvs": true,
              "compress_cache": true,
              "end_date": "2025-04-26",
              "exchanges": ["bybit"],
              "gap_tolerance_ohlcvs_minutes": 120,
              "start_date": "2024-05-25",
              "starting_balance": 400,
              "use_btc_collateral": false},
 "bot": {"long": {"close_grid_markup_range": 0.0067519,
                  "close_grid_min_markup": 0.0034733,
                  "close_grid_qty_pct": 0.62281,
                  "close_trailing_grid_ratio": 0,
                  "close_trailing_qty_pct": 0,
                  "close_trailing_retracement_pct": 0,
                  "close_trailing_threshold_pct": 0,
                  "ema_span_0": 228.53,
                  "ema_span_1": 1206.9,
                  "enforce_exposure_limit": true,
                  "entry_grid_double_down_factor": 2.8227,
                  "entry_grid_spacing_pct": 0.0075607,
                  "entry_grid_spacing_weight": 2.5978,
                  "entry_initial_ema_dist": -0.022232,
                  "entry_initial_qty_pct": 0.018021,
                  "entry_trailing_grid_ratio": -0.95021,
                  "entry_trailing_retracement_pct": 0.06222,
                  "entry_trailing_threshold_pct": 0.037928,
                  "filter_relative_volume_clip_pct": 0.013923,
                  "filter_rolling_window": 187.3,
                  "n_positions": 1,
                  "total_wallet_exposure_limit": 1.9713,
                  "unstuck_close_pct": 0.048342,
                  "unstuck_ema_dist": -0.038493,
                  "unstuck_loss_allowance_pct": 0.042963,
                  "unstuck_threshold": 0.72056},
         "short": {"close_grid_markup_range": 0.018255,
                   "close_grid_min_markup": 0.0034381,
                   "close_grid_qty_pct": 0.36342,
                   "close_trailing_grid_ratio": 0,
                   "close_trailing_qty_pct": 0,
                   "close_trailing_retracement_pct": 0,
                   "close_trailing_threshold_pct": 0,
                   "ema_span_0": 456.72,
                   "ema_span_1": 1131,
                   "enforce_exposure_limit": true,
                   "entry_grid_double_down_factor": 2.3922,
                   "entry_grid_spacing_pct": 0.017348,
                   "entry_grid_spacing_weight": 2.151,
                   "entry_initial_ema_dist": -0.075055,
                   "entry_initial_qty_pct": 0.01095,
                   "entry_trailing_grid_ratio": -0.95131,
                   "entry_trailing_retracement_pct": 0.00011978,
                   "entry_trailing_threshold_pct": 0.029305,
                   "filter_relative_volume_clip_pct": 0.0028955,
                   "filter_rolling_window": 44.789,
                   "n_positions": 1,
                   "total_wallet_exposure_limit": 2.2295,
                   "unstuck_close_pct": 0.053846,
                   "unstuck_ema_dist": -0.037908,
                   "unstuck_loss_allowance_pct": 0.042975,
                   "unstuck_threshold": 0.87897}},
 "disable_plotting": true,
 "live": {"approved_coins": {"long": ["HYPE"], "short": ["HYPE"]},
          "auto_gs": true,
          "coin_flags": {},
          "empty_means_all_approved": true,
          "execution_delay_seconds": 2,
          "filter_by_min_effective_cost": true,
          "forced_mode_long": "",
          "forced_mode_short": "",
          "ignored_coins": {"long": [], "short": []},
          "leverage": 10,
          "market_orders_allowed": true,
          "max_n_cancellations_per_batch": 5,
          "max_n_creations_per_batch": 3,
          "max_n_restarts_per_day": 10,
          "minimum_coin_age_days": 30,
          "ohlcvs_1m_rolling_window_days": 4,
          "ohlcvs_1m_update_after_minutes": 10,
          "pnls_max_lookback_days": 30,
          "price_distance_threshold": 0.002,
          "time_in_force": "good_till_cancelled",
          "user": "bybit_passivbot"},
 "optimize": {"bounds": {"long_close_grid_markup_range": [0.005, 0.02],
                         "long_close_grid_min_markup": [0.001, 0.005],
                         "long_close_grid_qty_pct": [0.05, 1],
                         "long_close_trailing_grid_ratio": [0, 0],
                         "long_close_trailing_qty_pct": [0, 0],
                         "long_close_trailing_retracement_pct": [0, 0],
                         "long_close_trailing_threshold_pct": [0, 0],
                         "long_ema_span_0": [200, 1440],
                         "long_ema_span_1": [200, 1440],
                         "long_entry_grid_double_down_factor": [0.1, 3],
                         "long_entry_grid_spacing_pct": [0.001, 0.06],
                         "long_entry_grid_spacing_weight": [2, 8],
                         "long_entry_initial_ema_dist": [-0.1, 0.003],
                         "long_entry_initial_qty_pct": [0.01, 0.025],
                         "long_entry_trailing_grid_ratio": [-0.962, -0.888],
                         "long_entry_trailing_retracement_pct": [0.0001, 0.1],
                         "long_entry_trailing_threshold_pct": [-0.01, 0.1],
                         "long_filter_relative_volume_clip_pct": [0, 1],
                         "long_filter_rolling_window": [10, 360],
                         "long_n_positions": [1, 1],
                         "long_total_wallet_exposure_limit": [1.25, 2.25],
                         "long_unstuck_close_pct": [0.001, 0.1],
                         "long_unstuck_ema_dist": [-0.1, 0.01],
                         "long_unstuck_loss_allowance_pct": [0.001, 0.05],
                         "long_unstuck_threshold": [0.4, 0.95],