{
    "adg": 0.024353505335119152,
    "adg_w": 0.019427538133541544,
    "calmar_ratio": 0.0804411705407672,
    "calmar_ratio_w": 0.9735581581081609,
    "drawdown_worst": 0.30274926597166946,
    "drawdown_worst_mean_1pct": 0.30274926597166946,
    "equity_balance_diff_neg_max": 0.37241945197102705,
    "equity_balance_diff_neg_mean": 0.025412332766883407,
    "equity_balance_diff_pos_max": 0.07127515118776792,
    "equity_balance_diff_pos_mean": 0.0008715451451329306,
    "equity_choppiness": 1.3922001536427744,
    "equity_choppiness_w": 1.3258176137264936,
    "equity_jerkiness": 0.042277507052386636,
    "equity_jerkiness_w": 0.031096196550073334,
    "expected_shortfall_1pct": 0.20640420212208682,
    "exponential_fit_error": 0.006079779321481702,
    "exponential_fit_error_w": 0.001529858660913229,
    "gain": 14.205968702010464,
    "loss_profit_ratio": 0.046244324838213294,
    "loss_profit_ratio_long": 0.04947696384284804,
    "loss_profit_ratio_short": 0.04344458298579138,
    "loss_profit_ratio_w": 0.009002610546957081,
    "mdg": 0.02259935643569609,
    "mdg_w": 0.01869218049501442,
    "omega_ratio": 5.532530265949339,
    "omega_ratio_w": 8.274680091852101,
    "pnl_ratio_long_short": 0.4625458063119954,
    "position_held_hours_max": 110.08333333333333,
    "position_held_hours_mean": 3.0295547744581137,
    "position_held_hours_median": 0.75,
    "position_unchanged_hours_max": 70.85,
    "positions_held_per_day": 15.66065023350047,
    "sharpe_ratio": 0.301759932780192,
    "sharpe_ratio_w": 0.5737856023346175,
    "sortino_ratio": 0.3201374420181943,
    "sortino_ratio_w": 1.4595139033503073,
    "sterling_ratio": 0.0804411705407672,
    "sterling_ratio_w": 0.9735581581081609
}