{
    "adg": 0.024150600326261484,
    "adg_w": 0.015260042743499014,
    "calmar_ratio": 0.10085262523172718,
    "calmar_ratio_w": 0.07050422061849568,
    "drawdown_worst": 0.23946427047160254,
    "drawdown_worst_mean_1pct": 0.23946427047160254,
    "equity_balance_diff_neg_max": 0.25728091240253526,
    "equity_balance_diff_neg_mean": 0.012185876305006345,
    "equity_balance_diff_pos_max": 0.015722109384817714,
    "equity_balance_diff_pos_mean": 0.0018377057622447487,
    "equity_choppiness": 1.7238861422952045,
    "equity_choppiness_w": 2.164517466465316,
    "equity_jerkiness": 0.04914783939668856,
    "equity_jerkiness_w": 0.03404949342759964,
    "expected_shortfall_1pct": 0.2376689924883388,
    "exponential_fit_error": 0.015214214076449704,
    "exponential_fit_error_w": 0.004336193032790181,
    "gain": 16.857352212772977,
    "loss_profit_ratio": 0.23056172587347135,
    "loss_profit_ratio_long": 0.07680739029181806,
    "loss_profit_ratio_short": 0.26609251616014773,
    "loss_profit_ratio_w": 0.3179935469057784,
    "mdg": 0.024576335614456803,
    "mdg_w": 0.014680930343286252,
    "omega_ratio": 4.613795379669656,
    "omega_ratio_w": 4.181079950842035,
    "pnl_ratio_long_short": 0.2252199785358172,
    "position_held_hours_max": 88.1,
    "position_held_hours_mean": 3.683526850507983,
    "position_held_hours_median": 0.9916666666666667,
    "position_unchanged_hours_max": 63.516666666666666,
    "positions_held_per_day": 11.678034828359396,
    "sharpe_ratio": 0.3216642608288183,
    "sharpe_ratio_w": 0.2615663504468617,
    "sortino_ratio": 0.30920804708095784,
    "sortino_ratio_w": 0.1967727708500244,
    "sterling_ratio": 0.10085262523172718,
    "sterling_ratio_w": 0.07050422061849568
}