{
    "backtest": {
        "base_dir": "backtests",
        "combine_ohlcvs": true,
        "compress_cache": true,
        "end_date": "now",
        "exchanges": ["bybit"],
        "gap_tolerance_ohlcvs_minutes": 120.0,
        "start_date": "2025-02-01",
        "starting_balance": 10000
    },
    "bot": {
        "long": {
            "close_grid_markup_range": 0.011575050017360117,
            "close_grid_min_markup": 0.0033853823026618415,
            "close_grid_qty_pct": 1.0,
            "close_trailing_grid_ratio": 0.0,
            "close_trailing_qty_pct": 0.0,
            "close_trailing_retracement_pct": 0.0,
            "close_trailing_threshold_pct": 0.0,
            "ema_span_0": 1296.8793146989638,
            "ema_span_1": 1227.1235382730572,
            "enforce_exposure_limit": true,
            "entry_grid_double_down_factor": 2.9917909897833694,
            "entry_grid_spacing_pct": 0.013669048931207886,
            "entry_grid_spacing_weight": 2.333489165012725,
            "entry_initial_ema_dist": -0.010254549524097385,
            "entry_initial_qty_pct": 0.02926147923263426,
            "entry_trailing_grid_ratio": 0.0,
            "entry_trailing_retracement_pct": 0.0,
            "entry_trailing_threshold_pct": 0.0,
            "filter_relative_volume_clip_pct": 0.6527566634262226,
            "filter_rolling_window": 229.75020258613367,
            "n_positions": 3.0,
            "total_wallet_exposure_limit": 0.24461535899017295,
            "unstuck_close_pct": 0.04089097217661052,
            "unstuck_ema_dist": -0.09470310955096856,
            "unstuck_loss_allowance_pct": 0.04831654993745249,
            "unstuck_threshold": 0.8141168892032242
        },
        "short": {
            "close_grid_markup_range": 0.006613165540098766,
            "close_grid_min_markup": 0.003963840090221598,
            "close_grid_qty_pct": 0.7408911967497829,
            "close_trailing_grid_ratio": -0.3374167723200098,
            "close_trailing_qty_pct": 0.8398022502631606,
            "close_trailing_retracement_pct": 0.009148108470363429,
            "close_trailing_threshold_pct": 0.016873184612643106,
            "ema_span_0": 498.86711023077476,
            "ema_span_1": 291.5477047404932,
            "enforce_exposure_limit": true,
            "entry_grid_double_down_factor": 2.3190048380182993,
            "entry_grid_spacing_pct": 0.01426271960628717,
            "entry_grid_spacing_weight": 3.8076401425654858,
            "entry_initial_ema_dist": -0.008309480860623266,
            "entry_initial_qty_pct": 0.03131560075501242,
            "entry_trailing_grid_ratio": -0.6352290119746533,
            "entry_trailing_retracement_pct": 0.006824377553159101,
            "entry_trailing_threshold_pct": 0.019379952149607926,
            "filter_relative_volume_clip_pct": 0.6824631703769568,
            "filter_rolling_window": 107.49872802701788,
            "n_positions": 3.0,
            "total_wallet_exposure_limit": 0.499279980756476,
            "unstuck_close_pct": 0.04029430549450508,
            "unstuck_ema_dist": -0.023927177584571954,
            "unstuck_loss_allowance_pct": 0.0011160790411762014,
            "unstuck_threshold": 0.7980834706205533
        }
    },
    "live": {
        "approved_coins": [],
        "auto_gs": true,
        "coin_flags": {},
        "empty_means_all_approved": true,
        "execution_delay_seconds": 2.0,
        "filter_by_min_effective_cost": true,
        "forced_mode_long": "",
        "forced_mode_short": "",
        "ignored_coins": { "long": [], "short": [] },
        "leverage": 10.0,
        "market_orders_allowed": true,
        "max_n_cancellations_per_batch": 5,
        "max_n_creations_per_batch": 3,
        "max_n_restarts_per_day": 10,
        "minimum_coin_age_days": 30.0,
        "ohlcvs_1m_rolling_window_days": 4.0,
        "ohlcvs_1m_update_after_minutes": 10.0,
        "pnls_max_lookback_days": 30.0,
        "price_distance_threshold": 0.002,
        "time_in_force": "good_till_cancelled",
        "user": "bybit_passivbot"
    },
    "optimize": {
        "bounds": {
            "long_close_grid_markup_range": [0.01, 0.02],
            "long_close_grid_min_markup": [0.001, 0.005],
            "long_close_grid_qty_pct": [0.5, 0.75],
            "long_close_trailing_grid_ratio": [0, 0],
            "long_close_trailing_qty_pct": [0, 0],
            "long_close_trailing_retracement_pct": [0, 0],
            "long_close_trailing_threshold_pct": [0, 0],
            "long_ema_span_0": [200, 1440],
            "long_ema_span_1": [200, 1440],
            "long_entry_grid_double_down_factor": [2, 3],
            "long_entry_grid_spacing_pct": [0.005, 0.015],
            "long_entry_grid_spacing_weight": [3, 6],
            "long_entry_initial_ema_dist": [-0.1, 0.003],
            "long_entry_initial_qty_pct": [0.025, 0.1],
            "long_entry_trailing_grid_ratio": [-0.75, -0.5],
            "long_entry_trailing_retracement_pct": [0.01, 0.02],
            "long_entry_trailing_threshold_pct": [0.03, 0.1],
            "long_filter_relative_volume_clip_pct": [0, 1],
            "long_filter_rolling_window": [10, 360],
            "long_n_positions": [2.5, 3.4],
            "long_total_wallet_exposure_limit": [0.25, 1],
            "long_unstuck_close_pct": [0.001, 0.1],
            "long_unstuck_ema_dist": [-0.1, 0.01],
            "long_unstuck_loss_allowance_pct": [0.0125, 0.05],
            "long_unstuck_threshold": [0.75, 0.95],

            "short_close_grid_markup_range": [0.01, 0.02],
            "short_close_grid_min_markup": [0.001, 0.005],
            "short_close_grid_qty_pct": [0.5, 0.75],
            "short_close_trailing_grid_ratio": [-0.7, -0.1],
            "short_close_trailing_qty_pct": [0.5, 0.75],
            "short_close_trailing_retracement_pct": [0.005, 0.01],
            "short_close_trailing_threshold_pct": [0.01, 0.025],
            "short_ema_span_0": [200, 1440],
            "short_ema_span_1": [200, 1440],
            "short_entry_grid_double_down_factor": [2, 3],
            "short_entry_grid_spacing_pct": [0.005, 0.025],
            "short_entry_grid_spacing_weight": [3, 6],
            "short_entry_initial_ema_dist": [-0.1, 0.003],
            "short_entry_initial_qty_pct": [0.025, 0.1],
            "short_entry_trailing_grid_ratio": [-0.75, -0.5],
            "short_entry_trailing_retracement_pct": [0.01, 0.02],
            "short_entry_trailing_threshold_pct": [0.03, 0.1],
            "short_filter_relative_volume_clip_pct": [0, 1],
            "short_filter_rolling_window": [10, 360],
            "short_n_positions": [2.5, 3.4],
            "short_total_wallet_exposure_limit": [0.25, 1],
            "short_unstuck_close_pct": [0.001, 0.1],
            "short_unstuck_ema_dist": [-0.1, 0.01],
            "short_unstuck_loss_allowance_pct": [0.0125, 0.05],
            "short_unstuck_threshold": [0.75, 0.95]
        },
        "compress_results_file": true,
        "crossover_probability": 0.7,
        "iters": 300000,
        "limits": {
            "lower_bound_drawdown_worst": 0.05,
            "lower_bound_drawdown_worst_mean_1pct": 0.05,
            "lower_bound_equity_balance_diff_neg_max": 0.1,
            "lower_bound_equity_balance_diff_neg_mean": 0.01,
            "lower_bound_equity_balance_diff_pos_max": 0.2,
            "lower_bound_equity_balance_diff_pos_mean": 0.02,
            "lower_bound_loss_profit_ratio": 0.01
        },
        "mutation_probability": 0.2,
        "n_cpus": 10,
        "population_size": 500,
        "scoring": ["mdg", "sterling_ratio"]
    }
}
