{
    "adg": 0.02546406770798537,
    "adg_w": 0.02231677369987346,
    "calmar_ratio": 0.10633764969544837,
    "calmar_ratio_w": 112.93221780599204,
    "drawdown_worst": 0.23946427047160254,
    "drawdown_worst_mean_1pct": 0.23946427047160254,
    "equity_balance_diff_neg_max": 0.25728091240253526,
    "equity_balance_diff_neg_mean": 0.012249652705977814,
    "equity_balance_diff_pos_max": 0.015722109384817714,
    "equity_balance_diff_pos_mean": 0.0017953421743962914,
    "equity_choppiness": 1.4662686766395119,
    "equity_choppiness_w": 1.147903646240652,
    "equity_jerkiness": 0.04883026995600851,
    "equity_jerkiness_w": 0.0318389749681291,
    "expected_shortfall_1pct": 0.2376689924883388,
    "exponential_fit_error": 0.015525656305687236,
    "exponential_fit_error_w": 0.0036426893380337106,
    "gain": 17.21646391460614,
    "loss_profit_ratio": 0.15595321965788744,
    "loss_profit_ratio_long": 0.08288184992792756,
    "loss_profit_ratio_short": 0.17284476684442548,
    "loss_profit_ratio_w": 0.04553667675367149,
    "mdg": 0.024576335614456803,
    "mdg_w": 0.02645134126719556,
    "omega_ratio": 5.175684137161747,
    "omega_ratio_w": null,
    "pnl_ratio_long_short": 0.20401620893182584,
    "position_held_hours_max": 88.1,
    "position_held_hours_mean": 3.569454770755886,
    "position_held_hours_median": 0.9666666666666667,
    "position_unchanged_hours_max": 50.88333333333333,
    "positions_held_per_day": 12.009003032012847,
    "sharpe_ratio": 0.3392045109388729,
    "sharpe_ratio_w": 0.7425396163272946,
    "sortino_ratio": 0.32026834668427795,
    "sortino_ratio_w": 113.05041966105262,
    "sterling_ratio": 0.10633764969544837,
    "sterling_ratio_w": 112.93221780599204
}