{
    "backtest": {
        "base_dir": "backtests",
        "combine_ohlcvs": true,
        "compress_cache": true,
        "end_date": "now",
        "exchanges": ["bybit"],
        "gap_tolerance_ohlcvs_minutes": 120.0,
        "start_date": "2025-01-27",
        "starting_balance": 10000
    },
    "bot": {
        "long": {
            "close_grid_markup_range": 0.013345655175129251,
            "close_grid_min_markup": 0.003134291334048538,
            "close_grid_qty_pct": 0.6774541988670764,
            "close_trailing_grid_ratio": 0.43874804824403657,
            "close_trailing_qty_pct": 0.28621564688560275,
            "close_trailing_retracement_pct": 0.018753319430825064,
            "close_trailing_threshold_pct": 0.04035766772175828,
            "ema_span_0": 1433.0594062366836,
            "ema_span_1": 253.048074036987,
            "enforce_exposure_limit": true,
            "entry_grid_double_down_factor": 2.5125316242017113,
            "entry_grid_spacing_pct": 0.01230699659082368,
            "entry_grid_spacing_weight": 2.9578267924705184,
            "entry_initial_ema_dist": 0.0008379902171650876,
            "entry_initial_qty_pct": 0.04581630129133695,
            "entry_trailing_grid_ratio": -0.7023922936037936,
            "entry_trailing_retracement_pct": 0.02008328550503187,
            "entry_trailing_threshold_pct": 0.04372181300402158,
            "filter_relative_volume_clip_pct": 0.024268056142630005,
            "filter_rolling_window": 86.01562292371617,
            "n_positions": 3.0,
            "total_wallet_exposure_limit": 0.12028690283174943,
            "unstuck_close_pct": 0.02720569702217249,
            "unstuck_ema_dist": 0.009940552826414146,
            "unstuck_loss_allowance_pct": 0.012474560486903015,
            "unstuck_threshold": 0.9472262358588761
        },
        "short": {
            "close_grid_markup_range": 0.014998353309351472,
            "close_grid_min_markup": 0.004995315833724331,
            "close_grid_qty_pct": 0.7032397045973414,
            "close_trailing_grid_ratio": 0.49595650230163574,
            "close_trailing_qty_pct": 0.49524639685587374,
            "close_trailing_retracement_pct": 0.02318934950586826,
            "close_trailing_threshold_pct": 0.04811326175783678,
            "ema_span_0": 675.0612170618449,
            "ema_span_1": 453.3393361655933,
            "enforce_exposure_limit": true,
            "entry_grid_double_down_factor": 2.401109196044832,
            "entry_grid_spacing_pct": 0.019935394567376353,
            "entry_grid_spacing_weight": 3.1395258575773872,
            "entry_initial_ema_dist": -0.006330612862270384,
            "entry_initial_qty_pct": 0.02843037626660864,
            "entry_trailing_grid_ratio": -0.7132026153990462,
            "entry_trailing_retracement_pct": 0.023668967762641414,
            "entry_trailing_threshold_pct": 0.04877327181550411,
            "filter_relative_volume_clip_pct": 0.2538350774756927,
            "filter_rolling_window": 21.868722640958218,
            "n_positions": 3.0,
            "total_wallet_exposure_limit": 0.49962316253472216,
            "unstuck_close_pct": 0.0069880148837884425,
            "unstuck_ema_dist": -0.06721108639316403,
            "unstuck_loss_allowance_pct": 0.015980780754547952,
            "unstuck_threshold": 0.9431330412395593
        }
    },
    "live": {
        "approved_coins": "configs/bybit/symbols.json",
        "auto_gs": true,
        "coin_flags": {
            "FARTCOIN": "-lm n -sm n -lc bybit/symbols/FARTCOIN-0.1.0.json",
            "HYPE": "-lm n -sm n -lc bybit/symbols/HYPE-0.1.0.json",
            "OP": "-lm n -sm n -lc bybit/symbols/OP-0.1.0.json"
        },
        "empty_means_all_approved": true,
        "execution_delay_seconds": 2.0,
        "filter_by_min_effective_cost": true,
        "forced_mode_long": "",
        "forced_mode_short": "",
        "ignored_coins": { "long": [], "short": [] },
        "leverage": 10.0,
        "market_orders_allowed": true,
        "max_n_cancellations_per_batch": 5,
        "max_n_creations_per_batch": 3,
        "max_n_restarts_per_day": 10,
        "minimum_coin_age_days": 30.0,
        "ohlcvs_1m_rolling_window_days": 4.0,
        "ohlcvs_1m_update_after_minutes": 10.0,
        "pnls_max_lookback_days": 30.0,
        "price_distance_threshold": 0.002,
        "time_in_force": "good_till_cancelled",
        "user": "bybit_passivbot"
    },
    "optimize": {
        "bounds": {
            "long_close_grid_markup_range": [0.005, 0.015],
            "long_close_grid_min_markup": [0.001, 0.005],
            "long_close_grid_qty_pct": [0.5, 0.75],
            "long_close_trailing_grid_ratio": [0.25, 0.5],
            "long_close_trailing_qty_pct": [0.25, 0.5],
            "long_close_trailing_retracement_pct": [0.015, 0.025],
            "long_close_trailing_threshold_pct": [0.025, 0.05],
            "long_ema_span_0": [200, 1440],
            "long_ema_span_1": [200, 1440],
            "long_entry_grid_double_down_factor": [2, 3],
            "long_entry_grid_spacing_pct": [0.001, 0.02],
            "long_entry_grid_spacing_weight": [0, 5],
            "long_entry_initial_ema_dist": [-0.1, 0.003],
            "long_entry_initial_qty_pct": [0.025, 0.05],
            "long_entry_trailing_grid_ratio": [-0.75, -0.5],
            "long_entry_trailing_retracement_pct": [0.015, 0.025],
            "long_entry_trailing_threshold_pct": [0.025, 0.05],
            "long_filter_relative_volume_clip_pct": [0, 1],
            "long_filter_rolling_window": [10, 360],
            "long_n_positions": [3.0, 3.0],
            "long_total_wallet_exposure_limit": [0.05, 0.5],
            "long_unstuck_close_pct": [0.001, 0.1],
            "long_unstuck_ema_dist": [-0.1, 0.01],
            "long_unstuck_loss_allowance_pct": [0.001, 0.05],
            "long_unstuck_threshold": [0.75, 0.95],

            "short_close_grid_markup_range": [0.005, 0.015],
            "short_close_grid_min_markup": [0.001, 0.005],
            "short_close_grid_qty_pct": [0.5, 0.75],
            "short_close_trailing_grid_ratio": [0.25, 0.5],
            "short_close_trailing_qty_pct": [0.25, 0.5],
            "short_close_trailing_retracement_pct": [0.015, 0.025],
            "short_close_trailing_threshold_pct": [0.025, 0.05],
            "short_ema_span_0": [200, 1440],
            "short_ema_span_1": [200, 1440],
            "short_entry_grid_double_down_factor": [2, 3],
            "short_entry_grid_spacing_pct": [0.001, 0.02],
            "short_entry_grid_spacing_weight": [0, 5],
            "short_entry_initial_ema_dist": [-0.1, 0.003],
            "short_entry_initial_qty_pct": [0.025, 0.05],
            "short_entry_trailing_grid_ratio": [-0.75, -0.5],
            "short_entry_trailing_retracement_pct": [0.015, 0.025],
            "short_entry_trailing_threshold_pct": [0.025, 0.05],
            "short_filter_relative_volume_clip_pct": [0, 1],
            "short_filter_rolling_window": [10, 360],
            "short_n_positions": [3.0, 3.0],
            "short_total_wallet_exposure_limit": [0.05, 0.5],
            "short_unstuck_close_pct": [0.001, 0.1],
            "short_unstuck_ema_dist": [-0.1, 0.01],
            "short_unstuck_loss_allowance_pct": [0.001, 0.05],
            "short_unstuck_threshold": [0.75, 0.95]
        },
        "compress_results_file": true,
        "crossover_probability": 0.7,
        "iters": 300000,
        "limits": {
            "lower_bound_drawdown_worst": 0.333,
            "lower_bound_drawdown_worst_mean_1pct": 0.1,
            "lower_bound_equity_balance_diff_neg_max": 0.4,
            "lower_bound_equity_balance_diff_neg_mean": 0.01,
            "lower_bound_equity_balance_diff_pos_max": 0.5,
            "lower_bound_equity_balance_diff_pos_mean": 0.02,
            "lower_bound_loss_profit_ratio": 0.5
        },
        "mutation_probability": 0.2,
        "n_cpus": 10,
        "population_size": 500,