{
    "backtest": {
        "base_dir": "backtests",
        "combine_ohlcvs": true,
        "compress_cache": true,
        "end_date": "now",
        "exchanges": ["bybit"],
        "gap_tolerance_ohlcvs_minutes": 120.0,
        "start_date": "2025-01-27",
        "starting_balance": 10000
    },
    "bot": {
        "long": {
            "close_grid_markup_range": 0.031383247765988824,
            "close_grid_min_markup": 0.004997684192761468,
            "close_grid_qty_pct": 0.7183047475893837,
            "close_trailing_grid_ratio": -0.3012540726989804,
            "close_trailing_qty_pct": 0.5566655162189013,
            "close_trailing_retracement_pct": 0.020736639469427783,
            "close_trailing_threshold_pct": 0.03997084583057751,
            "ema_span_0": 1110.9189903693812,
            "ema_span_1": 300.21610701600866,
            "enforce_exposure_limit": 1,
            "entry_grid_double_down_factor": 2.205964674956591,
            "entry_grid_spacing_pct": 0.016775201082936116,
            "entry_grid_spacing_weight": 1.3165251918664873,
            "entry_initial_ema_dist": -0.03210255621743275,
            "entry_initial_qty_pct": 0.0325127245761503,
            "entry_trailing_grid_ratio": -0.8562632334282445,
            "entry_trailing_retracement_pct": 0.018372260137993826,
            "entry_trailing_threshold_pct": 0.03778380031186716,
            "filter_relative_volume_clip_pct": 0.9743240633370378,
            "filter_rolling_window": 175.30454088501025,
            "n_positions": 1.0,
            "total_wallet_exposure_limit": 0.49972079489563864,
            "unstuck_close_pct": 0.019750731798411563,
            "unstuck_ema_dist": -0.08023525093841423,
            "unstuck_loss_allowance_pct": 0.011889563710171582,
            "unstuck_threshold": 0.682587587528958
        },
        "short": {
            "close_grid_markup_range": 0.021805895535611693,
            "close_grid_min_markup": 0.004325786186756474,
            "close_grid_qty_pct": 0.5485943942857775,
            "close_trailing_grid_ratio": -0.2699687565927404,
            "close_trailing_qty_pct": 0.5179496069660873,
            "close_trailing_retracement_pct": 0.02239248477855056,
            "close_trailing_threshold_pct": 0.027766841200692283,
            "ema_span_0": 244.20981879465688,
            "ema_span_1": 352.0746720744484,
            "enforce_exposure_limit": 1,
            "entry_grid_double_down_factor": 2.909451017472354,
            "entry_grid_spacing_pct": 0.018237755945370675,
            "entry_grid_spacing_weight": 2.3261317691774512,
            "entry_initial_ema_dist": -0.09961698480364442,
            "entry_initial_qty_pct": 0.03508905844278715,
            "entry_trailing_grid_ratio": -0.9253958075057406,
            "entry_trailing_retracement_pct": 0.015386289327792423,
            "entry_trailing_threshold_pct": 0.03207510879396996,
            "filter_relative_volume_clip_pct": 0.6363844719777715,
            "filter_rolling_window": 311.3688142140266,
            "n_positions": 1.0,
            "total_wallet_exposure_limit": 0.4221718699010274,
            "unstuck_close_pct": 0.06693940418335327,
            "unstuck_ema_dist": -0.013753189494804852,
            "unstuck_loss_allowance_pct": 0.009496527414323053,
            "unstuck_threshold": 0.5338599709658309
        }
    },
    "live": {
        "approved_coins": ["HYPE"],
        "auto_gs": true,
        "coin_flags": {},
        "empty_means_all_approved": true,
        "execution_delay_seconds": 2.0,
        "filter_by_min_effective_cost": true,
        "forced_mode_long": "",
        "forced_mode_short": "",
        "ignored_coins": { "long": [], "short": [] },
        "leverage": 10.0,
        "market_orders_allowed": true,
        "max_n_cancellations_per_batch": 5,
        "max_n_creations_per_batch": 3,
        "max_n_restarts_per_day": 10,
        "minimum_coin_age_days": 30.0,
        "ohlcvs_1m_rolling_window_days": 4.0,
        "ohlcvs_1m_update_after_minutes": 10.0,
        "pnls_max_lookback_days": 30.0,
        "price_distance_threshold": 0.002,
        "time_in_force": "good_till_cancelled",
        "user": "bybit_passivbot"
    },
    "optimize": {
        "bounds": {
            "long_close_grid_markup_range": [0.005, 0.05],
            "long_close_grid_min_markup": [0.001, 0.005],
            "long_close_grid_qty_pct": [0.5, 0.75],
            "long_close_trailing_grid_ratio": [-0.5, -0.25],
            "long_close_trailing_qty_pct": [0.5, 0.75],
            "long_close_trailing_retracement_pct": [0.015, 0.025],
            "long_close_trailing_threshold_pct": [0.025, 0.05],
            "long_ema_span_0": [200, 1440],
            "long_ema_span_1": [200, 1440],
            "long_entry_grid_double_down_factor": [2, 3],
            "long_entry_grid_spacing_pct": [0.001, 0.02],
            "long_entry_grid_spacing_weight": [0, 5],
            "long_entry_initial_ema_dist": [-0.1, 0.003],
            "long_entry_initial_qty_pct": [0.025, 0.05],
            "long_entry_trailing_grid_ratio": [-0.95, -0.75],
            "long_entry_trailing_retracement_pct": [0.01, 0.02],
            "long_entry_trailing_threshold_pct": [0.02, 0.04],
            "long_filter_relative_volume_clip_pct": [0, 1],
            "long_filter_rolling_window": [10, 360],
            "long_n_positions": [1.0, 1.0],
            "long_total_wallet_exposure_limit": [0.05, 0.5],
            "long_unstuck_close_pct": [0.001, 0.1],
            "long_unstuck_ema_dist": [-0.1, 0.01],
            "long_unstuck_loss_allowance_pct": [0.001, 0.05],
            "long_unstuck_threshold": [0.4, 0.95],

            "short_close_grid_markup_range": [0.005, 0.05],
            "short_close_grid_min_markup": [0.001, 0.005],
            "short_close_grid_qty_pct": [0.5, 0.75],
            "short_close_trailing_grid_ratio": [-0.5, -0.25],
            "short_close_trailing_qty_pct": [0.5, 0.75],
            "short_close_trailing_retracement_pct": [0.015, 0.025],
            "short_close_trailing_threshold_pct": [0.025, 0.05],
            "short_ema_span_0": [200, 1440],
            "short_ema_span_1": [200, 1440],
            "short_entry_grid_double_down_factor": [2, 3],
            "short_entry_grid_spacing_pct": [0.001, 0.02],
            "short_entry_grid_spacing_weight": [0, 5],
            "short_entry_initial_ema_dist": [-0.1, 0.003],
            "short_entry_initial_qty_pct": [0.025, 0.05],
            "short_entry_trailing_grid_ratio": [-0.95, -0.75],
            "short_entry_trailing_retracement_pct": [0.01, 0.02],
            "short_entry_trailing_threshold_pct": [0.02, 0.04],
            "short_filter_relative_volume_clip_pct": [0, 1],
            "short_filter_rolling_window": [10, 360],
            "short_n_positions": [1.0, 1.0],
            "short_total_wallet_exposure_limit": [0.05, 0.5],
            "short_unstuck_close_pct": [0.001, 0.1],
            "short_unstuck_ema_dist": [-0.1, 0.01],
            "short_unstuck_loss_allowance_pct": [0.001, 0.05],
            "short_unstuck_threshold": [0.4, 0.95]
        },
        "compress_results_file": true,
        "crossover_probability": 0.7,
        "iters": 300000,
        "limits": {
            "lower_bound_drawdown_worst": 0.333,
            "lower_bound_drawdown_worst_mean_1pct": 0.1,
            "lower_bound_equity_balance_diff_neg_max": 0.4,
            "lower_bound_equity_balance_diff_neg_mean": 0.01,
            "lower_bound_equity_balance_diff_pos_max": 0.5,
            "lower_bound_equity_balance_diff_pos_mean": 0.02,
            "lower_bound_loss_profit_ratio": 0.5
        },
        "mutation_probability": 0.2,
        "n_cpus": 10,
        "population_size": 500,
        "scoring": ["mdg", "sterling_ratio"]
    }
}
