{
    "backtest": {
        "base_dir": "backtests",
        "combine_ohlcvs": true,
        "compress_cache": true,
        "end_date": "now",
        "exchanges": ["bybit"],
        "gap_tolerance_ohlcvs_minutes": 120.0,
        "start_date": "2025-01-27",
        "starting_balance": 10000
    },
    "bot": {
        "long": {
            "close_grid_markup_range": 0.02562101517240618,
            "close_grid_min_markup": 0.003194647234232065,
            "close_grid_qty_pct": 0.5143458248312395,
            "close_trailing_grid_ratio": -0.4770411119062203,
            "close_trailing_qty_pct": 0.6116113393030645,
            "close_trailing_retracement_pct": 0.017495568146622714,
            "close_trailing_threshold_pct": 0.03743004736361288,
            "ema_span_0": 1266.2756773978413,
            "ema_span_1": 688.0325526601305,
            "enforce_exposure_limit": true,
            "entry_grid_double_down_factor": 2.7967574953695435,
            "entry_grid_spacing_pct": 0.004334698387086184,
            "entry_grid_spacing_weight": 0.8306901526115889,
            "entry_initial_ema_dist": -0.08525003177514275,
            "entry_initial_qty_pct": 0.027371959185687505,
            "entry_trailing_grid_ratio": -0.7558329069078756,
            "entry_trailing_retracement_pct": 0.01079667654639766,
            "entry_trailing_threshold_pct": 0.020550409187732193,
            "filter_relative_volume_clip_pct": 0.024268056142630005,
            "filter_rolling_window": 86.01562292371617,
            "n_positions": 3.0,
            "total_wallet_exposure_limit": 0.12028690283174943,
            "unstuck_close_pct": 0.02720569702217249,
            "unstuck_ema_dist": -0.09301912689662732,
            "unstuck_loss_allowance_pct": 0.012474560486903015,
            "unstuck_threshold": 0.9231993189737069
        },
        "short": {
            "close_grid_markup_range": 0.034320158141519466,
            "close_grid_min_markup": 0.004109675642817811,
            "close_grid_qty_pct": 0.7095692849147481,
            "close_trailing_grid_ratio": -0.334379098357832,
            "close_trailing_qty_pct": 0.5613746049529749,
            "close_trailing_retracement_pct": 0.01989058005475657,
            "close_trailing_threshold_pct": 0.04782734826610814,
            "ema_span_0": 223.5408294337064,
            "ema_span_1": 241.99084591918978,
            "enforce_exposure_limit": true,
            "entry_grid_double_down_factor": 2.7315885009837975,
            "entry_grid_spacing_pct": 0.014962746970107924,
            "entry_grid_spacing_weight": 2.9654947327040064,
            "entry_initial_ema_dist": -0.00851865150433271,
            "entry_initial_qty_pct": 0.03291276048176855,
            "entry_trailing_grid_ratio": -0.8487585409889199,
            "entry_trailing_retracement_pct": 0.017046940591021676,
            "entry_trailing_threshold_pct": 0.0387821482542314,
            "filter_relative_volume_clip_pct": 0.2538350774756927,
            "filter_rolling_window": 21.868722640958218,
            "n_positions": 3.0,
            "total_wallet_exposure_limit": 0.49962316253472216,
            "unstuck_close_pct": 0.0069880148837884425,
            "unstuck_ema_dist": -0.06201823799665886,
            "unstuck_loss_allowance_pct": 0.015980780754547952,
            "unstuck_threshold": 0.7697820049221635
        }
    },
    "live": {
        "approved_coins": ["HYPE"],
        "auto_gs": true,
        "coin_flags": {},
        "empty_means_all_approved": true,
        "execution_delay_seconds": 2.0,
        "filter_by_min_effective_cost": true,
        "forced_mode_long": "",
        "forced_mode_short": "",
        "ignored_coins": { "long": [], "short": [] },
        "leverage": 10.0,
        "market_orders_allowed": true,
        "max_n_cancellations_per_batch": 5,
        "max_n_creations_per_batch": 3,
        "max_n_restarts_per_day": 10,
        "minimum_coin_age_days": 30.0,
        "ohlcvs_1m_rolling_window_days": 4.0,
        "ohlcvs_1m_update_after_minutes": 10.0,
        "pnls_max_lookback_days": 30.0,
        "price_distance_threshold": 0.002,
        "time_in_force": "good_till_cancelled",
        "user": "bybit_passivbot"
    },
    "optimize": {
        "bounds": {
            "long_close_grid_markup_range": [0.005, 0.05],
            "long_close_grid_min_markup": [0.001, 0.005],
            "long_close_grid_qty_pct": [0.5, 0.75],
            "long_close_trailing_grid_ratio": [-0.5, -0.25],
            "long_close_trailing_qty_pct": [0.5, 0.75],
            "long_close_trailing_retracement_pct": [0.015, 0.025],
            "long_close_trailing_threshold_pct": [0.025, 0.05],
            "long_ema_span_0": [200, 1440],
            "long_ema_span_1": [200, 1440],
            "long_entry_grid_double_down_factor": [2, 3],
            "long_entry_grid_spacing_pct": [0.001, 0.02],
            "long_entry_grid_spacing_weight": [0, 5],
            "long_entry_initial_ema_dist": [-0.1, 0.003],
            "long_entry_initial_qty_pct": [0.025, 0.05],
            "long_entry_trailing_grid_ratio": [-0.95, -0.75],
            "long_entry_trailing_retracement_pct": [0.01, 0.02],
            "long_entry_trailing_threshold_pct": [0.02, 0.04],
            "long_filter_relative_volume_clip_pct": [0.024268056142630005, 0.024268056142630005],
            "long_filter_rolling_window": [86.01562292371617, 86.01562292371617],
            "long_n_positions": [3.0, 3.0],
            "long_total_wallet_exposure_limit": [0.12028690283174943, 0.12028690283174943],
            "long_unstuck_close_pct": [0.02720569702217249, 0.02720569702217249],
            "long_unstuck_ema_dist": [-0.1, 0.01],
            "long_unstuck_loss_allowance_pct": [0.012474560486903015, 0.012474560486903015],
            "long_unstuck_threshold": [0.75, 0.95],

            "short_close_grid_markup_range": [0.005, 0.05],
            "short_close_grid_min_markup": [0.001, 0.005],
            "short_close_grid_qty_pct": [0.5, 0.75],
            "short_close_trailing_grid_ratio": [-0.5, -0.25],
            "short_close_trailing_qty_pct": [0.5, 0.75],
            "short_close_trailing_retracement_pct": [0.015, 0.025],
            "short_close_trailing_threshold_pct": [0.025, 0.05],
            "short_ema_span_0": [200, 1440],
            "short_ema_span_1": [200, 1440],
            "short_entry_grid_double_down_factor": [2, 3],
            "short_entry_grid_spacing_pct": [0.001, 0.02],
            "short_entry_grid_spacing_weight": [0, 5],
            "short_entry_initial_ema_dist": [-0.1, 0.003],
            "short_entry_initial_qty_pct": [0.025, 0.05],
            "short_entry_trailing_grid_ratio": [-0.95, -0.75],
            "short_entry_trailing_retracement_pct": [0.01, 0.02],
            "short_entry_trailing_threshold_pct": [0.02, 0.04],
            "short_filter_relative_volume_clip_pct": [0.2538350774756927, 0.2538350774756927],
            "short_filter_rolling_window": [21.868722640958218, 21.868722640958218],
            "short_n_positions": [3.0, 3.0],
            "short_total_wallet_exposure_limit": [0.49962316253472216, 0.49962316253472216],
            "short_unstuck_close_pct": [0.0069880148837884425, 0.0069880148837884425],
            "short_unstuck_ema_dist": [-0.1, 0.01],
            "short_unstuck_loss_allowance_pct": [0.015980780754547952, 0.015980780754547952],
            "short_unstuck_threshold": [0.75, 0.95]
        },
        "compress_results_file": true,
        "crossover_probability": 0.7,
        "iters": 300000,
        "limits": {
            "lower_bound_drawdown_worst": 0.333,
            "lower_bound_drawdown_worst_mean_1pct": 0.1,
            "lower_bound_equity_balance_diff_neg_max": 0.4,
            "lower_bound_equity_balance_diff_neg_mean": 0.01,
            "lower_bound_equity_balance_diff_pos_max": 0.5,
            "lower_bound_equity_balance_diff_pos_mean": 0.02,
            "lower_bound_loss_profit_ratio": 0.5
        },