{
    "backtest": {
        "base_dir": "backtests",
        "combine_ohlcvs": true,
        "compress_cache": true,
        "end_date": "now",
        "exchanges": ["bybit"],
        "gap_tolerance_ohlcvs_minutes": 120.0,
        "start_date": "2025-01-27",
        "starting_balance": 10000
    },
    "bot": {
        "long": {
            "close_grid_markup_range": 0.016356258466687423,
            "close_grid_min_markup": 0.0025054673883353608,
            "close_grid_qty_pct": 0.5947278068773592,
            "close_trailing_grid_ratio": -0.375509454906725,
            "close_trailing_qty_pct": 0.5901799077221586,
            "close_trailing_retracement_pct": 0.02332484705254586,
            "close_trailing_threshold_pct": 0.04589715554115991,
            "ema_span_0": 685.8620238738177,
            "ema_span_1": 696.6731480038121,
            "enforce_exposure_limit": true,
            "entry_grid_double_down_factor": 2.283087849130911,
            "entry_grid_spacing_pct": 0.004565409713114773,
            "entry_grid_spacing_weight": 2.9474605631936366,
            "entry_initial_ema_dist": -0.06766172490549423,
            "entry_initial_qty_pct": 0.02700180134285135,
            "entry_trailing_grid_ratio": -0.9485136421180599,
            "entry_trailing_retracement_pct": 0.010316103232435788,
            "entry_trailing_threshold_pct": 0.02629019780046121,
            "filter_relative_volume_clip_pct": 0.024268056142630005,
            "filter_rolling_window": 86.01562292371617,
            "n_positions": 3.0,
            "total_wallet_exposure_limit": 0.12028690283174943,
            "unstuck_close_pct": 0.02720569702217249,
            "unstuck_ema_dist": -0.026728567153550837,
            "unstuck_loss_allowance_pct": 0.012474560486903015,
            "unstuck_threshold": 0.9340346682760808
        },
        "short": {
            "close_grid_markup_range": 0.01870188911244739,
            "close_grid_min_markup": 0.004995428741814815,
            "close_grid_qty_pct": 0.7373977744840645,
            "close_trailing_grid_ratio": -0.2980936531926365,
            "close_trailing_qty_pct": 0.573924789310962,
            "close_trailing_retracement_pct": 0.015614005673330726,
            "close_trailing_threshold_pct": 0.033046937566598523,
            "ema_span_0": 1385.3176955677861,
            "ema_span_1": 798.806749724469,
            "enforce_exposure_limit": true,
            "entry_grid_double_down_factor": 2.981345307280412,
            "entry_grid_spacing_pct": 0.0075372684478877214,
            "entry_grid_spacing_weight": 3.1523844748265306,
            "entry_initial_ema_dist": -0.018326116176364097,
            "entry_initial_qty_pct": 0.04975107499885564,
            "entry_trailing_grid_ratio": -0.7740601195909119,
            "entry_trailing_retracement_pct": 0.011275220357694573,
            "entry_trailing_threshold_pct": 0.026368639414746858,
            "filter_relative_volume_clip_pct": 0.2538350774756927,
            "filter_rolling_window": 21.868722640958218,
            "n_positions": 3.0,
            "total_wallet_exposure_limit": 0.49962316253472216,
            "unstuck_close_pct": 0.0069880148837884425,
            "unstuck_ema_dist": 0.001570593989424671,
            "unstuck_loss_allowance_pct": 0.015980780754547952,
            "unstuck_threshold": 0.9279691376659105
        }
    },
    "live": {
        "approved_coins": ["OP"],
        "auto_gs": true,
        "coin_flags": {},
        "empty_means_all_approved": true,
        "execution_delay_seconds": 2.0,
        "filter_by_min_effective_cost": true,
        "forced_mode_long": "",
        "forced_mode_short": "",
        "ignored_coins": { "long": [], "short": [] },
        "leverage": 10.0,
        "market_orders_allowed": true,
        "max_n_cancellations_per_batch": 5,
        "max_n_creations_per_batch": 3,
        "max_n_restarts_per_day": 10,
        "minimum_coin_age_days": 30.0,
        "ohlcvs_1m_rolling_window_days": 4.0,
        "ohlcvs_1m_update_after_minutes": 10.0,
        "pnls_max_lookback_days": 30.0,
        "price_distance_threshold": 0.002,
        "time_in_force": "good_till_cancelled",
        "user": "bybit_passivbot"
    },
    "optimize": {
        "bounds": {
            "long_close_grid_markup_range": [0.005, 0.05],
            "long_close_grid_min_markup": [0.001, 0.005],
            "long_close_grid_qty_pct": [0.5, 0.75],
            "long_close_trailing_grid_ratio": [-0.5, -0.25],
            "long_close_trailing_qty_pct": [0.5, 0.75],
            "long_close_trailing_retracement_pct": [0.015, 0.025],
            "long_close_trailing_threshold_pct": [0.025, 0.05],
            "long_ema_span_0": [200, 1440],
            "long_ema_span_1": [200, 1440],
            "long_entry_grid_double_down_factor": [2, 3],
            "long_entry_grid_spacing_pct": [0.001, 0.02],
            "long_entry_grid_spacing_weight": [0, 5],
            "long_entry_initial_ema_dist": [-0.1, 0.003],
            "long_entry_initial_qty_pct": [0.025, 0.05],
            "long_entry_trailing_grid_ratio": [-0.95, -0.75],
            "long_entry_trailing_retracement_pct": [0.01, 0.02],
            "long_entry_trailing_threshold_pct": [0.02, 0.04],
            "long_filter_relative_volume_clip_pct": [0.024268056142630005, 0.024268056142630005],
            "long_filter_rolling_window": [86.01562292371617, 86.01562292371617],
            "long_n_positions": [3.0, 3.0],
            "long_total_wallet_exposure_limit": [0.12028690283174943, 0.12028690283174943],
            "long_unstuck_close_pct": [0.02720569702217249, 0.02720569702217249],
            "long_unstuck_ema_dist": [-0.1, 0.01],
            "long_unstuck_loss_allowance_pct": [0.012474560486903015, 0.012474560486903015],
            "long_unstuck_threshold": [0.75, 0.95],

            "short_close_grid_markup_range": [0.005, 0.05],
            "short_close_grid_min_markup": [0.001, 0.005],
            "short_close_grid_qty_pct": [0.5, 0.75],
            "short_close_trailing_grid_ratio": [-0.5, -0.25],
            "short_close_trailing_qty_pct": [0.5, 0.75],
            "short_close_trailing_retracement_pct": [0.015, 0.025],
            "short_close_trailing_threshold_pct": [0.025, 0.05],
            "short_ema_span_0": [200, 1440],
            "short_ema_span_1": [200, 1440],
            "short_entry_grid_double_down_factor": [2, 3],
            "short_entry_grid_spacing_pct": [0.001, 0.02],
            "short_entry_grid_spacing_weight": [0, 5],
            "short_entry_initial_ema_dist": [-0.1, 0.003],
            "short_entry_initial_qty_pct": [0.025, 0.05],
            "short_entry_trailing_grid_ratio": [-0.95, -0.75],
            "short_entry_trailing_retracement_pct": [0.01, 0.02],
            "short_entry_trailing_threshold_pct": [0.02, 0.04],
            "short_filter_relative_volume_clip_pct": [0.2538350774756927, 0.2538350774756927],
            "short_filter_rolling_window": [21.868722640958218, 21.868722640958218],
            "short_n_positions": [3.0, 3.0],
            "short_total_wallet_exposure_limit": [0.49962316253472216, 0.49962316253472216],
            "short_unstuck_close_pct": [0.0069880148837884425, 0.0069880148837884425],
            "short_unstuck_ema_dist": [-0.1, 0.01],
            "short_unstuck_loss_allowance_pct": [0.015980780754547952, 0.015980780754547952],
            "short_unstuck_threshold": [0.75, 0.95]
        },
        "compress_results_file": true,
        "crossover_probability": 0.7,
        "iters": 300000,
        "limits": {
            "lower_bound_drawdown_worst": 0.333,
            "lower_bound_drawdown_worst_mean_1pct": 0.1,
            "lower_bound_equity_balance_diff_neg_max": 0.4,
            "lower_bound_equity_balance_diff_neg_mean": 0.01,
            "lower_bound_equity_balance_diff_pos_max": 0.5,
            "lower_bound_equity_balance_diff_pos_mean": 0.02,
            "lower_bound_loss_profit_ratio": 0.5
        },