{
    "backtest": {
        "base_dir": "backtests",
        "combine_ohlcvs": true,
        "compress_cache": true,
        "end_date": "now",
        "exchanges": ["bybit"],
        "gap_tolerance_ohlcvs_minutes": 120.0,
        "start_date": "2025-02-01",
        "starting_balance": 500
    },
    "bot": {
        "long": {
            "close_grid_markup_range": 0.014752611551465677,
            "close_grid_min_markup": 0.017952463941353344,
            "close_grid_qty_pct": 0.8426655293137579,
            "close_trailing_grid_ratio": 0.019070072513575058,
            "close_trailing_qty_pct": 0.7062987348144368,
            "close_trailing_retracement_pct": 0.05296319553372739,
            "close_trailing_threshold_pct": 0.013527176004173004,
            "ema_span_0": 210.40529264177593,
            "ema_span_1": 1114.2734549046777,
            "enforce_exposure_limit": 1,
            "entry_grid_double_down_factor": 2.7791225399039687,
            "entry_grid_spacing_pct": 0.002736245850509614,
            "entry_grid_spacing_weight": 0.8810661969436477,
            "entry_initial_ema_dist": -0.0008116262243062556,
            "entry_initial_qty_pct": 0.13993285596043878,
            "entry_trailing_grid_ratio": -0.9857000209704815,
            "entry_trailing_retracement_pct": 0.06969495002173612,
            "entry_trailing_threshold_pct": 0.04549724079652669,
            "filter_relative_volume_clip_pct": 0.9305014131106575,
            "filter_rolling_window": 66.54792643999112,
            "n_positions": 2.964463044048364,
            "total_wallet_exposure_limit": 0.13865595490841814,
            "unstuck_close_pct": 0.24276230882884392,
            "unstuck_ema_dist": -0.04068428236013144,
            "unstuck_loss_allowance_pct": 0.5816938200801424,
            "unstuck_threshold": 0.8435650561093571
        },
        "short": {
            "close_grid_markup_range": 0.011862363129062178,
            "close_grid_min_markup": 0.005949233910855619,
            "close_grid_qty_pct": 0.12094943626584441,
            "close_trailing_grid_ratio": -0.7223820169727584,
            "close_trailing_qty_pct": 0.13521833714498083,
            "close_trailing_retracement_pct": 0.08883062283726963,
            "close_trailing_threshold_pct": 0.018560500560850197,
            "ema_span_0": 1044.0242536967562,
            "ema_span_1": 500.9431905453799,
            "enforce_exposure_limit": 1,
            "entry_grid_double_down_factor": 1.8326405369485428,
            "entry_grid_spacing_pct": 0.028207170861101725,
            "entry_grid_spacing_weight": 0.5995111278548759,
            "entry_initial_ema_dist": -0.07034623097485601,
            "entry_initial_qty_pct": 0.04742955795120884,
            "entry_trailing_grid_ratio": 0.27108145904577785,
            "entry_trailing_retracement_pct": 0.05345947422492956,
            "entry_trailing_threshold_pct": 0.09816788642313559,
            "filter_relative_volume_clip_pct": 0.7510056836169147,
            "filter_rolling_window": 264.3576001591824,
            "n_positions": 4.39361442142744,
            "total_wallet_exposure_limit": 0.16344112145241696,
            "unstuck_close_pct": 0.5572676902798263,
            "unstuck_ema_dist": -0.009513148397833158,
            "unstuck_loss_allowance_pct": 0.4627510606303205,
            "unstuck_threshold": 0.46873198501066
        }
    },
    "live": {
        "approved_coins": ["FARTCOIN", "BONK", "SHIB", "KDA", "EGLD", "OP", "HYPE", "LINK"],
        "auto_gs": true,
        "coin_flags": {},
        "empty_means_all_approved": true,
        "execution_delay_seconds": 2.0,
        "filter_by_min_effective_cost": true,
        "forced_mode_long": "",
        "forced_mode_short": "",
        "ignored_coins": { "long": [], "short": [] },
        "leverage": 10.0,
        "market_orders_allowed": true,
        "max_n_cancellations_per_batch": 5,
        "max_n_creations_per_batch": 3,
        "max_n_restarts_per_day": 10,
        "minimum_coin_age_days": 30.0,
        "ohlcvs_1m_rolling_window_days": 4.0,
        "ohlcvs_1m_update_after_minutes": 10.0,
        "pnls_max_lookback_days": 30.0,
        "price_distance_threshold": 0.002,
        "time_in_force": "good_till_cancelled",
        "user": "bybit_passivbot"
    },
    "optimize": {
        "bounds": {
            "long_close_grid_markup_range": [0.014199445257981435, 0.017354877537532865],
            "long_close_grid_min_markup": [0.016458238376303596, 0.02011562468214884],
            "long_close_grid_qty_pct": [0.7018394293435091, 0.8578037469754001],
            "long_close_trailing_grid_ratio": [0.016451108658712893, 0.020106910582871315],
            "long_close_trailing_qty_pct": [0.6417721471628787, 0.7843881798657406],
            "long_close_trailing_retracement_pct": [0.04570539989756066, 0.05586215543035192],
            "long_close_trailing_threshold_pct": [0.012786995679261504, 0.01562855027465295],
            "long_ema_span_0": [184.66417030663092, 225.70065259700334],
            "long_ema_span_1": [1005.2794243517288, 1228.6748519854463],
            "long_entry_grid_double_down_factor": [2.508528777532759, 3.065979616984483],
            "long_entry_grid_spacing_pct": [0.002303882567502485, 0.002815856471391926],
            "long_entry_grid_spacing_weight": [0.8021461439508129, 0.9804008426065491],
            "long_entry_initial_ema_dist": [-0.0009634064904088445, -0.0007882416739708727],
            "long_entry_initial_qty_pct": [0.13093618817085935, 0.16003311887549475],
            "long_entry_trailing_grid_ratio": [-1.0544623846279616, -0.8627419510592414],
            "long_entry_trailing_retracement_pct": [0.06097994365083396, 0.07453104223990818],
            "long_entry_trailing_threshold_pct": [0.0445317712222275, 0.05442772038272249],
            "long_filter_relative_volume_clip_pct": [0.8381317368688427, 1],
            "long_filter_rolling_window": [59.9650406230692, 73.29060520597347],
            "long_n_positions": [2.7205153827281586, 3.325074356667749],
            "long_total_wallet_exposure_limit": [0.13022947168532546, 0.15916935428206446],
            "long_unstuck_close_pct": [0.2222391568856563, 0.2716256361935799],
            "long_unstuck_ema_dist": [-0.04711208345468765, -0.03854625009928989],
            "long_unstuck_loss_allowance_pct": [0.5177080011896983, 0.6327564458985201],
            "long_unstuck_threshold": [0.7935042091864042, 0.9698384778944939],
            "short_close_grid_markup_range": [0.010249842445035307, 0.01252758521282093],
            "short_close_grid_min_markup": [0.005390845475531167, 0.006588811136760316],
            "short_close_grid_qty_pct": [0.10602128419779486, 0.1295815695750826],
            "short_close_trailing_grid_ratio": [-0.7231213423159753, -0.5924629164403435],
            "short_close_trailing_qty_pct": [0.1302568772702934, 0.15920285099602526],
            "short_close_trailing_retracement_pct": [0.07388102757164235, 0.090299033698674],
            "short_close_trailing_threshold_pct": [0.016810068120948583, 0.020545638814492713],
            "short_ema_span_0": [960.3442959054516, 1173.7541394399964],
            "short_ema_span_1": [480.86763011830575, 587.7261034779293],
            "short_entry_grid_double_down_factor": [1.6900292979438618, 2.065591364153608],
            "short_entry_grid_spacing_pct": [0.02785171136809783, 0.03404198056323067],
            "short_entry_grid_spacing_weight": [0.591369159693708, 0.722784528514532],
            "short_entry_initial_ema_dist": [-0.07073924191656072, -0.05787756156791332],
            "short_entry_initial_qty_pct": [0.03951133314604987, 0.04829162940072761],
            "short_entry_trailing_grid_ratio": [0.23383612783037732, 0.2857997117926834],
            "short_entry_trailing_retracement_pct": [0.05134398158893989, 0.06275375527537097],
            "short_entry_trailing_threshold_pct": [0.08298898149141041, 0.10143097737839051],