{
    "backtest": {
        "base_dir": "backtests",
        "combine_ohlcvs": true,
        "compress_cache": true,
        "end_date": "now",
        "exchanges": ["bybit"],
        "gap_tolerance_ohlcvs_minutes": 120.0,
        "start_date": "2025-01-27",
        "starting_balance": 500
    },
    "bot": {
        "long": {
            "close_grid_markup_range": 0.008122136552454702,
            "close_grid_min_markup": 0.00780210879018006,
            "close_grid_qty_pct": 0.8724694994293886,
            "close_trailing_grid_ratio": -0.5912260195420883,
            "close_trailing_qty_pct": 0.06289864659859057,
            "close_trailing_retracement_pct": 0.047621509899205584,
            "close_trailing_threshold_pct": 0.09388794805235795,
            "ema_span_0": 1167.3017793640427,
            "ema_span_1": 1332.1890751774336,
            "enforce_exposure_limit": 1,
            "entry_grid_double_down_factor": 1.177540008084796,
            "entry_grid_spacing_pct": 0.009966641801081337,
            "entry_grid_spacing_weight": 8.679262276646064,
            "entry_initial_ema_dist": -0.09763647812364404,
            "entry_initial_qty_pct": 0.23808903309675347,
            "entry_trailing_grid_ratio": -0.5690594345731589,
            "entry_trailing_retracement_pct": 0.08238201046389489,
            "entry_trailing_threshold_pct": 0.06860551619075844,
            "filter_relative_volume_clip_pct": 0.5895651363398324,
            "filter_rolling_window": 134.84158932150382,
            "n_positions": 2.745098815180207,
            "total_wallet_exposure_limit": 0.3741703344234013,
            "unstuck_close_pct": 0.45484868435897685,
            "unstuck_ema_dist": -0.08812078646220066,
            "unstuck_loss_allowance_pct": 0.44296291971564783,
            "unstuck_threshold": 0.6817035279657938
        },
        "short": {
            "close_grid_markup_range": 0.006860942289941856,
            "close_grid_min_markup": 0.007747171074399361,
            "close_grid_qty_pct": 0.14747470624455833,
            "close_trailing_grid_ratio": -0.6999567749279609,
            "close_trailing_qty_pct": 0.3522837246242941,
            "close_trailing_retracement_pct": 0.07250553434465327,
            "close_trailing_threshold_pct": 0.02764453519471483,
            "ema_span_0": 304.07145779015957,
            "ema_span_1": 206.83852715100028,
            "enforce_exposure_limit": 1,
            "entry_grid_double_down_factor": 1.5501196191362188,
            "entry_grid_spacing_pct": 0.0099895611389721,
            "entry_grid_spacing_weight": 9.179894407591451,
            "entry_initial_ema_dist": -0.0031014641421060227,
            "entry_initial_qty_pct": 0.06445218819641765,
            "entry_trailing_grid_ratio": -0.5561840861681501,
            "entry_trailing_retracement_pct": 0.04582376143608047,
            "entry_trailing_threshold_pct": 0.08429931459800588,
            "filter_relative_volume_clip_pct": 0.14618037083551272,
            "filter_rolling_window": 105.52021050194912,
            "n_positions": 2.9437917033381713,
            "total_wallet_exposure_limit": 0.46226341036178553,
            "unstuck_close_pct": 0.08794959883135944,
            "unstuck_ema_dist": -0.0008609479052550714,
            "unstuck_loss_allowance_pct": 0.006305887458939945,
            "unstuck_threshold": 0.8700216446980337
        }
    },
    "live": {
        "approved_coins": ["FARTCOIN", "OP"],
        "auto_gs": true,
        "coin_flags": {},
        "empty_means_all_approved": true,
        "execution_delay_seconds": 2.0,
        "filter_by_min_effective_cost": true,
        "forced_mode_long": "",
        "forced_mode_short": "",
        "ignored_coins": { "long": [], "short": [] },
        "leverage": 10.0,
        "market_orders_allowed": true,
        "max_n_cancellations_per_batch": 5,
        "max_n_creations_per_batch": 3,
        "max_n_restarts_per_day": 10,
        "minimum_coin_age_days": 30.0,
        "ohlcvs_1m_rolling_window_days": 4.0,
        "ohlcvs_1m_update_after_minutes": 10.0,
        "pnls_max_lookback_days": 30.0,
        "price_distance_threshold": 0.002,
        "time_in_force": "good_till_cancelled",
        "user": "bybit_passivbot"
    },
    "optimize": {
        "bounds": {
            "long_close_grid_markup_range": [0.01, 0.05],
            "long_close_grid_min_markup": [0.01, 0.05],
            "long_close_grid_qty_pct": [0.05, 1.0],
            "long_close_trailing_grid_ratio": [-0.75, -0.5],
            "long_close_trailing_qty_pct": [0.05, 1.0],
            "long_close_trailing_retracement_pct": [0.01, 0.05],
            "long_close_trailing_threshold_pct": [0.05, 0.1],
            "long_ema_span_0": [200, 1440],
            "long_ema_span_1": [200, 1440],
            "long_entry_grid_double_down_factor": [1.0, 3.0],
            "long_entry_grid_spacing_pct": [0.01, 0.05],
            "long_entry_grid_spacing_weight": [5, 10],
            "long_entry_initial_ema_dist": [-0.1, 0.003],
            "long_entry_initial_qty_pct": [0.05, 0.25],
            "long_entry_trailing_grid_ratio": [-0.75, -0.5],
            "long_entry_trailing_retracement_pct": [0.01, 0.1],
            "long_entry_trailing_threshold_pct": [0.05, 0.1],
            "long_filter_relative_volume_clip_pct": [0, 1],
            "long_filter_rolling_window": [10, 360],
            "long_n_positions": [3.5, 4.4],
            "long_total_wallet_exposure_limit": [0.05, 0.5],
            "long_unstuck_close_pct": [0.001, 0.5],
            "long_unstuck_ema_dist": [-0.1, 0.01],
            "long_unstuck_loss_allowance_pct": [0.001, 0.5],
            "long_unstuck_threshold": [0.4, 0.95],
            "short_close_grid_markup_range": [0.01, 0.05],
            "short_close_grid_min_markup": [0.01, 0.05],
            "short_close_grid_qty_pct": [0.05, 1.0],
            "short_close_trailing_grid_ratio": [-0.75, -0.5],
            "short_close_trailing_qty_pct": [0.05, 1.0],
            "short_close_trailing_retracement_pct": [0.01, 0.1],
            "short_close_trailing_threshold_pct": [0.05, 0.1],
            "short_ema_span_0": [200, 1440],
            "short_ema_span_1": [200, 1440],
            "short_entry_grid_double_down_factor": [1.0, 3.0],
            "short_entry_grid_spacing_pct": [0.01, 0.05],
            "short_entry_grid_spacing_weight": [5, 10],
            "short_entry_initial_ema_dist": [-0.1, 0.003],
            "short_entry_initial_qty_pct": [0.05, 0.25],
            "short_entry_trailing_grid_ratio": [-0.75, -0.5],
            "short_entry_trailing_retracement_pct": [0.01, 0.05],
            "short_entry_trailing_threshold_pct": [0.05, 0.1],
            "short_filter_relative_volume_clip_pct": [0, 1],
            "short_filter_rolling_window": [10, 360],
            "short_n_positions": [3.5, 4.4],
            "short_total_wallet_exposure_limit": [0.05, 0.5],
            "short_unstuck_close_pct": [0.001, 0.5],
            "short_unstuck_ema_dist": [-0.1, 0.01],
            "short_unstuck_loss_allowance_pct": [0.001, 0.5],
            "short_unstuck_threshold": [0.4, 0.95]
        },
        "compress_results_file": true,
        "crossover_probability": 0.7,
        "iters": 300000,
        "limits": {
            "lower_bound_drawdown_worst": 0.333,
            "lower_bound_drawdown_worst_mean_1pct": 0.2,
            "lower_bound_equity_balance_diff_neg_max": 0.4,
            "lower_bound_equity_balance_diff_neg_mean": 0.01,
            "lower_bound_equity_balance_diff_pos_max": 0.5,
            "lower_bound_equity_balance_diff_pos_mean": 0.02,
            "lower_bound_loss_profit_ratio": 0.5
        },
        "mutation_probability": 0.2,
        "n_cpus": 10,
        "population_size": 500,
        "scoring": ["mdg", "sterling_ratio"]
    }
}
