{
    "backtest": {
        "base_dir": "backtests",
        "combine_ohlcvs": true,
        "compress_cache": true,
        "end_date": "now",
        "exchanges": ["bybit"],
        "gap_tolerance_ohlcvs_minutes": 120.0,
        "start_date": "2025-01-30",
        "starting_balance": 500
    },
    "bot": {
        "long": {
            "close_grid_markup_range": 0.015559564429143889,
            "close_grid_min_markup": 0.018808592601721477,
            "close_grid_qty_pct": 0.8446181858055526,
            "close_trailing_grid_ratio": -0.8782745965180083,
            "close_trailing_qty_pct": 0.715482384150992,
            "close_trailing_retracement_pct": 0.051610154281298386,
            "close_trailing_threshold_pct": 0.014136439096210788,
            "ema_span_0": 1248.9924268537654,
            "ema_span_1": 819.5875384655391,
            "enforce_exposure_limit": 1,
            "entry_grid_double_down_factor": 2.647755329589109,
            "entry_grid_spacing_pct": 0.0025087805246460965,
            "entry_grid_spacing_weight": 0.8070635611373169,
            "entry_initial_ema_dist": -0.0008214229620779974,
            "entry_initial_qty_pct": 0.16001768431067478,
            "entry_trailing_grid_ratio": 0.9760269502809171,
            "entry_trailing_retracement_pct": 0.07347359176361455,
            "entry_trailing_threshold_pct": 0.0475621527071317,
            "filter_relative_volume_clip_pct": 0.11785253180005616,
            "filter_rolling_window": 52.998905930914326,
            "n_positions": 3.1902593594355424,
            "total_wallet_exposure_limit": 0.12862585040352797,
            "unstuck_close_pct": 0.25394694700047626,
            "unstuck_ema_dist": -0.04482600565555587,
            "unstuck_loss_allowance_pct": 0.5600884789347226,
            "unstuck_threshold": 0.8996032318060633
        },
        "short": {
            "close_grid_markup_range": 0.011832030527876685,
            "close_grid_min_markup": 0.005460872371064813,
            "close_grid_qty_pct": 0.10802815365977968,
            "close_trailing_grid_ratio": -0.7324767455475034,
            "close_trailing_qty_pct": 0.13325771915608334,
            "close_trailing_retracement_pct": 0.07498291465537173,
            "close_trailing_threshold_pct": 0.018717880854365678,
            "ema_span_0": 921.5384080085936,
            "ema_span_1": 1438.3411535468738,
            "enforce_exposure_limit": 1,
            "entry_grid_double_down_factor": 1.9451707360238786,
            "entry_grid_spacing_pct": 0.029475482582591125,
            "entry_grid_spacing_weight": 0.7112101679594719,
            "entry_initial_ema_dist": -0.059019171413737685,
            "entry_initial_qty_pct": 0.04363549236781458,
            "entry_trailing_grid_ratio": 0.03976019245622,
            "entry_trailing_retracement_pct": 0.061587243349266546,
            "entry_trailing_threshold_pct": 0.08859977814686541,
            "filter_relative_volume_clip_pct": 0.7191213386170051,
            "filter_rolling_window": 100.21065254975909,
            "n_positions": 2.948672220442848,
            "total_wallet_exposure_limit": 0.14328703193256956,
            "unstuck_close_pct": 0.6152821238770055,
            "unstuck_ema_dist": -0.010529098504857943,
            "unstuck_loss_allowance_pct": 0.4860706399068314,
            "unstuck_threshold": 0.5007468328705644
        }
    },
    "live": {
        "approved_coins": ["FARTCOIN", "BONK", "SHIB", "KDA", "EGLD", "OP", "HYPE", "LINK"],
        "auto_gs": true,
        "coin_flags": {},
        "empty_means_all_approved": true,
        "execution_delay_seconds": 2.0,
        "filter_by_min_effective_cost": true,
        "forced_mode_long": "",
        "forced_mode_short": "",
        "ignored_coins": { "long": [], "short": [] },
        "leverage": 10.0,
        "market_orders_allowed": true,
        "max_n_cancellations_per_batch": 5,
        "max_n_creations_per_batch": 3,
        "max_n_restarts_per_day": 10,
        "minimum_coin_age_days": 30.0,
        "ohlcvs_1m_rolling_window_days": 4.0,
        "ohlcvs_1m_update_after_minutes": 10.0,
        "pnls_max_lookback_days": 30.0,
        "price_distance_threshold": 0.002,
        "time_in_force": "good_till_cancelled",
        "user": "bybit_passivbot"
    },
    "optimize": {
        "bounds": {
            "long_close_grid_markup_range": [0.014199445257981435, 0.017354877537532867],
            "long_close_grid_min_markup": [0.016458238376303596, 0.02011562468214884],
            "long_close_grid_qty_pct": [0.7018394293435091, 0.8578037469754001],
            "long_close_trailing_grid_ratio": [-1, 0],
            "long_close_trailing_qty_pct": [0.6417721471628787, 0.7843881798657406],
            "long_close_trailing_retracement_pct": [0.04570539989756066, 0.05586215543035192],
            "long_close_trailing_threshold_pct": [0.012786995679261504, 0.01562855027465295],
            "long_ema_span_0": [200, 1440],
            "long_ema_span_1": [200, 1440],
            "long_entry_grid_double_down_factor": [2.508528777532759, 3.065979616984483],
            "long_entry_grid_spacing_pct": [0.002303882567502485, 0.002815856471391926],
            "long_entry_grid_spacing_weight": [0.8021461439508129, 0.9804008426065491],
            "long_entry_initial_ema_dist": [-0.0009634064904088445, -0.0007882416739708727],
            "long_entry_initial_qty_pct": [0.13093618817085936, 0.16003311887549476],
            "long_entry_trailing_grid_ratio": [0, 1],
            "long_entry_trailing_retracement_pct": [0.06097994365083396, 0.07453104223990818],
            "long_entry_trailing_threshold_pct": [0.0445317712222275, 0.05442772038272249],
            "long_filter_relative_volume_clip_pct": [0, 1],
            "long_filter_rolling_window": [10, 360],
            "long_n_positions": [2.4, 8],
            "long_total_wallet_exposure_limit": [0.05, 0.15],
            "long_unstuck_close_pct": [0.2222391568856563, 0.2716256361935799],
            "long_unstuck_ema_dist": [-0.04711208345468765, -0.03854625009928989],
            "long_unstuck_loss_allowance_pct": [0.5177080011896983, 0.6327564458985201],
            "long_unstuck_threshold": [0.7935042091864042, 0.969838477894494],
            "short_close_grid_markup_range": [0.010249842445035308, 0.01252758521282093],
            "short_close_grid_min_markup": [0.005390845475531167, 0.006588811136760316],
            "short_close_grid_qty_pct": [0.10602128419779486, 0.1295815695750826],
            "short_close_trailing_grid_ratio": [-1, 0],
            "short_close_trailing_qty_pct": [0.1302568772702934, 0.15920285099602527],
            "short_close_trailing_retracement_pct": [0.07388102757164235, 0.090299033698674],
            "short_close_trailing_threshold_pct": [0.016810068120948582, 0.020545638814492714],
            "short_ema_span_0": [200, 1440],
            "short_ema_span_1": [200, 1440],
            "short_entry_grid_double_down_factor": [1.6900292979438618, 2.065591364153608],
            "short_entry_grid_spacing_pct": [0.02785171136809783, 0.03404198056323067],
            "short_entry_grid_spacing_weight": [0.591369159693708, 0.722784528514532],
            "short_entry_initial_ema_dist": [-0.07073924191656072, -0.05787756156791332],
            "short_entry_initial_qty_pct": [0.03951133314604987, 0.04829162940072761],
            "short_entry_trailing_grid_ratio": [0, 1],
            "short_entry_trailing_retracement_pct": [0.05134398158893989, 0.06275375527537097],
            "short_entry_trailing_threshold_pct": [0.08298898149141042, 0.1014309773783905],
            "short_filter_relative_volume_clip_pct": [0, 1],
            "short_filter_rolling_window": [10, 360],
            "short_n_positions": [2.4, 8],
            "short_total_wallet_exposure_limit": [0.05, 0.15],
            "short_unstuck_close_pct": [0.5291116183013159, 0.6466921779238306],