{
    "backtest": {
        "base_dir": "backtests",
        "combine_ohlcvs": true,
        "compress_cache": true,
        "end_date": "now",
        "exchanges": ["bybit"],
        "gap_tolerance_ohlcvs_minutes": 120.0,
        "start_date": "2025-02-02",
        "starting_balance": 460
    },
    "bot": {
        "long": {
            "close_grid_markup_range": 0.01721236388646303,
            "close_grid_min_markup": 0.03558817911481638,
            "close_grid_qty_pct": 0.07186162478400952,
            "close_trailing_grid_ratio": -0.4470537728543273,
            "close_trailing_qty_pct": 0.6504507452270177,
            "close_trailing_retracement_pct": 0.09825733020153406,
            "close_trailing_threshold_pct": 0.018048903692242466,
            "ema_span_0": 289.2197344702956,
            "ema_span_1": 857.9274960960784,
            "enforce_exposure_limit": 1,
            "entry_grid_double_down_factor": 1.4781226011290824,
            "entry_grid_spacing_pct": 0.01635836025791461,
            "entry_grid_spacing_weight": 5.64744859969695,
            "entry_initial_ema_dist": -0.016724988250499923,
            "entry_initial_qty_pct": 0.05629018780593154,
            "entry_trailing_grid_ratio": 0.5631061339068251,
            "entry_trailing_retracement_pct": 0.06019281326476088,
            "entry_trailing_threshold_pct": 0.0569981418501737,
            "filter_relative_volume_clip_pct": 0.9418585416082209,
            "filter_rolling_window": 230.13878130993945,
            "n_positions": 3.559076054545311,
            "total_wallet_exposure_limit": 0.49922341925476293,
            "unstuck_close_pct": 0.7493933902245401,
            "unstuck_ema_dist": -0.015446041544907096,
            "unstuck_loss_allowance_pct": 0.6375084182020395,
            "unstuck_threshold": 0.693555166741947
        },
        "short": {
            "close_grid_markup_range": 0.018494056428616932,
            "close_grid_min_markup": 0.03546872736259421,
            "close_grid_qty_pct": 0.7040972881654975,
            "close_trailing_grid_ratio": -0.3877983180076337,
            "close_trailing_qty_pct": 0.8750743171567109,
            "close_trailing_retracement_pct": 0.0425060476367858,
            "close_trailing_threshold_pct": 0.02191939916921861,
            "ema_span_0": 876.0605253947961,
            "ema_span_1": 1058.9049306734785,
            "enforce_exposure_limit": 1,
            "entry_grid_double_down_factor": 2.6500059212229576,
            "entry_grid_spacing_pct": 0.045578310731921985,
            "entry_grid_spacing_weight": 6.31700902839994,
            "entry_initial_ema_dist": -0.04827576559933813,
            "entry_initial_qty_pct": 0.19624726917526406,
            "entry_trailing_grid_ratio": 0.004829156925036543,
            "entry_trailing_retracement_pct": 0.06944886253186904,
            "entry_trailing_threshold_pct": 0.06903734229145742,
            "filter_relative_volume_clip_pct": 0.11154447243021769,
            "filter_rolling_window": 63.133609050558924,
            "n_positions": 3.7748546755029397,
            "total_wallet_exposure_limit": 0.48680298503167896,
            "unstuck_close_pct": 0.43252248301306817,
            "unstuck_ema_dist": -0.01871151256390221,
            "unstuck_loss_allowance_pct": 0.9048777499727382,
            "unstuck_threshold": 0.6443096571836168
        }
    },
    "live": {
        "approved_coins": ["FARTCOIN", "BONK", "SHIB", "KDA", "EGLD", "OP", "HYPE", "LINK"],
        "auto_gs": true,
        "coin_flags": {},
        "empty_means_all_approved": true,
        "execution_delay_seconds": 2.0,
        "filter_by_min_effective_cost": true,
        "forced_mode_long": "",
        "forced_mode_short": "",
        "ignored_coins": { "long": [], "short": [] },
        "leverage": 10.0,
        "market_orders_allowed": true,
        "max_n_cancellations_per_batch": 5,
        "max_n_creations_per_batch": 3,
        "max_n_restarts_per_day": 10,
        "minimum_coin_age_days": 30.0,
        "ohlcvs_1m_rolling_window_days": 4.0,
        "ohlcvs_1m_update_after_minutes": 10.0,
        "pnls_max_lookback_days": 30.0,
        "price_distance_threshold": 0.002,
        "time_in_force": "good_till_cancelled",
        "user": "bybit_passivbot"
    },
    "optimize": {
        "bounds": {
            "long_close_grid_markup_range": [0.012846782217125927, 0.021411303695209878],
            "long_close_grid_min_markup": [0.021357328492914873, 0.035595547488191455],
            "long_close_grid_qty_pct": [0.04417098071538604, 0.07361830119231006],
            "long_close_trailing_grid_ratio": [-1, 0],
            "long_close_trailing_qty_pct": [0.5712147087144346, 0.9520245145230576],
            "long_close_trailing_retracement_pct": [0.06281782102093627, 0.10469636836822711],
            "long_close_trailing_threshold_pct": [0.013473479173069, 0.02245579862178164],
            "long_ema_span_0": [200, 1440],
            "long_ema_span_1": [200, 1440],
            "long_entry_grid_double_down_factor": [1.2436671394961498, 2.0727785658269165],
            "long_entry_grid_spacing_pct": [0.011935441069524203, 0.01989240178254034],
            "long_entry_grid_spacing_weight": [4.693905769623276, 7.823176282705461],
            "long_entry_initial_ema_dist": [-0.0240292936477889, -0.01441757618867334],
            "long_entry_initial_qty_pct": [0.03857823533033837, 0.06429705888389729],
            "long_entry_trailing_grid_ratio": [0, 1],
            "long_entry_trailing_retracement_pct": [0.04837119681816491, 0.08061866136360819],
            "long_entry_trailing_threshold_pct": [0.05376202276184092, 0.08960337126973486],
            "long_filter_relative_volume_clip_pct": [0, 1],
            "long_filter_rolling_window": [10, 360],
            "long_n_positions": [3.4, 8.0],
            "long_total_wallet_exposure_limit": [0.05, 0.5],
            "long_unstuck_close_pct": [0.001, 1],
            "long_unstuck_ema_dist": [-0.1, 0.01],
            "long_unstuck_loss_allowance_pct": [0.001, 1],
            "long_unstuck_threshold": [0.4, 0.95],
            "short_close_grid_markup_range": [0.01620738451710582, 0.0270123075285097],
            "short_close_grid_min_markup": [0.021299685783807573, 0.035499476306345956],
            "short_close_grid_qty_pct": [0.5752327030943059, 0.9587211718238432],
            "short_close_trailing_grid_ratio": [-1, 0],
            "short_close_trailing_qty_pct": [0.5362469860871537, 0.8937449768119227],
            "short_close_trailing_retracement_pct": [0.03913425650191511, 0.06522376083652518],
            "short_close_trailing_threshold_pct": [0.013484998114608405, 0.022474996857680675],
            "short_ema_span_0": [200, 1440],
            "short_ema_span_1": [200, 1440],
            "short_entry_grid_double_down_factor": [1.6239460362517118, 2.706576727086186],
            "short_entry_grid_spacing_pct": [0.0392907905442834, 0.06548465090713899],
            "short_entry_grid_spacing_weight": [5.448398478749906, 9.080664131249844],
            "short_entry_initial_ema_dist": [-0.05116392320729025, -0.03069835392437415],
            "short_entry_initial_qty_pct": [0.18702424017444728, 0.3117070669574121],
            "short_entry_trailing_grid_ratio": [0.00294479919903804, 0.0049079986650634],
            "short_entry_trailing_retracement_pct": [0.04838585774812784, 0.08064309624687974],
            "short_entry_trailing_threshold_pct": [0.0488173413318581, 0.08136223555309684],
            "short_filter_relative_volume_clip_pct": [-1, 0],
            "short_filter_rolling_window": [10, 360],
            "short_n_positions": [3.4, 8.0],
            "short_total_wallet_exposure_limit": [0.05, 0.5],
            "short_unstuck_close_pct": [0.001, 1],
            "short_unstuck_ema_dist": [-0.1, 0.01],
            "short_unstuck_loss_allowance_pct": [0.001, 1],
            "short_unstuck_threshold": [0.4, 0.95]
        },