{
    "backtest": {
        "base_dir": "backtests",
        "combine_ohlcvs": true,
        "compress_cache": true,
        "end_date": "now",
        "exchanges": ["bybit"],
        "gap_tolerance_ohlcvs_minutes": 120.0,
        "start_date": "2025-02-02",
        "starting_balance": 460
    },
    "bot": {
        "long": {
            "close_grid_markup_range": 0.021237201060300533,
            "close_grid_min_markup": 0.03064041557479685,
            "close_grid_qty_pct": 0.0646139265078319,
            "close_trailing_grid_ratio": -0.597860802783099,
            "close_trailing_qty_pct": 0.7978630514661004,
            "close_trailing_retracement_pct": 0.10195305152210882,
            "close_trailing_threshold_pct": 0.013553511810036797,
            "ema_span_0": 865.9920397415985,
            "ema_span_1": 873.4266528968885,
            "enforce_exposure_limit": 1,
            "entry_grid_double_down_factor": 1.6975713216189163,
            "entry_grid_spacing_pct": 0.014292891344649276,
            "entry_grid_spacing_weight": 6.538808265059363,
            "entry_initial_ema_dist": -0.02249344373073438,
            "entry_initial_qty_pct": 0.043128645212111516,
            "entry_trailing_grid_ratio": 0.5634399783671831,
            "entry_trailing_retracement_pct": 0.05387361279446772,
            "entry_trailing_threshold_pct": 0.06250387497460184,
            "filter_relative_volume_clip_pct": 0.14294677214882218,
            "filter_rolling_window": 304.3681932260192,
            "n_positions": 1.6338929131034803,
            "total_wallet_exposure_limit": 0.49625310706338566,
            "unstuck_close_pct": 0.6435474114360181,
            "unstuck_ema_dist": -0.015383087843960478,
            "unstuck_loss_allowance_pct": 0.20394115074918628,
            "unstuck_threshold": 0.6994162995865955
        },
        "short": {
            "close_grid_markup_range": 0.023152274861883607,
            "close_grid_min_markup": 0.03096903413247517,
            "close_grid_qty_pct": 0.6603969063818996,
            "close_trailing_grid_ratio": -0.0384622530068993,
            "close_trailing_qty_pct": 0.7479302842276021,
            "close_trailing_retracement_pct": 0.05798741209875155,
            "close_trailing_threshold_pct": 0.02201251171108582,
            "ema_span_0": 672.2559194717024,
            "ema_span_1": 914.7075857294866,
            "enforce_exposure_limit": 1,
            "entry_grid_double_down_factor": 2.4530036199289644,
            "entry_grid_spacing_pct": 0.045838473165866894,
            "entry_grid_spacing_weight": 6.198349699142559,
            "entry_initial_ema_dist": -0.03649205563593001,
            "entry_initial_qty_pct": 0.2076940436150977,
            "entry_trailing_grid_ratio": 0.004855983547711944,
            "entry_trailing_retracement_pct": 0.07827802208915098,
            "entry_trailing_threshold_pct": 0.07118065269029904,
            "filter_relative_volume_clip_pct": 0.42890542045181207,
            "filter_rolling_window": 218.4159091989017,
            "n_positions": 1.6770903352950564,
            "total_wallet_exposure_limit": 0.4938711184383842,
            "unstuck_close_pct": 0.6312953509670763,
            "unstuck_ema_dist": -0.006482769436669399,
            "unstuck_loss_allowance_pct": 0.6322362318854106,
            "unstuck_threshold": 0.45759847625519834
        }
    },
    "live": {
        "approved_coins": ["FARTCOIN", "HYPE"],
        "auto_gs": true,
        "coin_flags": {},
        "empty_means_all_approved": true,
        "execution_delay_seconds": 2.0,
        "filter_by_min_effective_cost": true,
        "forced_mode_long": "",
        "forced_mode_short": "",
        "ignored_coins": { "long": [], "short": [] },
        "leverage": 10.0,
        "market_orders_allowed": true,
        "max_n_cancellations_per_batch": 5,
        "max_n_creations_per_batch": 3,
        "max_n_restarts_per_day": 10,
        "minimum_coin_age_days": 30.0,
        "ohlcvs_1m_rolling_window_days": 4.0,
        "ohlcvs_1m_update_after_minutes": 10.0,
        "pnls_max_lookback_days": 30.0,
        "price_distance_threshold": 0.002,
        "time_in_force": "good_till_cancelled",
        "user": "bybit_passivbot"
    },
    "optimize": {
        "bounds": {
            "long_close_grid_markup_range": [0.012846782217125927, 0.021411303695209878],
            "long_close_grid_min_markup": [0.021357328492914873, 0.035595547488191455],
            "long_close_grid_qty_pct": [0.04417098071538604, 0.07361830119231006],
            "long_close_trailing_grid_ratio": [-1, 0],
            "long_close_trailing_qty_pct": [0.5712147087144346, 0.9520245145230576],
            "long_close_trailing_retracement_pct": [0.06281782102093627, 0.10469636836822711],
            "long_close_trailing_threshold_pct": [0.013473479173069, 0.02245579862178164],
            "long_ema_span_0": [200, 1440],
            "long_ema_span_1": [200, 1440],
            "long_entry_grid_double_down_factor": [1.2436671394961498, 2.0727785658269165],
            "long_entry_grid_spacing_pct": [0.011935441069524203, 0.01989240178254034],
            "long_entry_grid_spacing_weight": [4.693905769623276, 7.823176282705461],
            "long_entry_initial_ema_dist": [-0.0240292936477889, -0.01441757618867334],
            "long_entry_initial_qty_pct": [0.03857823533033837, 0.06429705888389729],
            "long_entry_trailing_grid_ratio": [0, 1],
            "long_entry_trailing_retracement_pct": [0.04837119681816491, 0.08061866136360819],
            "long_entry_trailing_threshold_pct": [0.05376202276184092, 0.08960337126973486],
            "long_filter_relative_volume_clip_pct": [0, 1],
            "long_filter_rolling_window": [10, 360],
            "long_n_positions": [1.4, 8.0],
            "long_total_wallet_exposure_limit": [0.05, 0.5],
            "long_unstuck_close_pct": [0.001, 1],
            "long_unstuck_ema_dist": [-0.1, 0.01],
            "long_unstuck_loss_allowance_pct": [0.001, 1],
            "long_unstuck_threshold": [0.4, 0.95],
            "short_close_grid_markup_range": [0.01620738451710582, 0.0270123075285097],
            "short_close_grid_min_markup": [0.021299685783807573, 0.035499476306345956],
            "short_close_grid_qty_pct": [0.5752327030943059, 0.9587211718238432],
            "short_close_trailing_grid_ratio": [-1, 0],
            "short_close_trailing_qty_pct": [0.5362469860871537, 0.8937449768119227],
            "short_close_trailing_retracement_pct": [0.03913425650191511, 0.06522376083652518],
            "short_close_trailing_threshold_pct": [0.013484998114608405, 0.022474996857680675],
            "short_ema_span_0": [200, 1440],
            "short_ema_span_1": [200, 1440],
            "short_entry_grid_double_down_factor": [1.6239460362517118, 2.706576727086186],
            "short_entry_grid_spacing_pct": [0.0392907905442834, 0.06548465090713899],
            "short_entry_grid_spacing_weight": [5.448398478749906, 9.080664131249844],
            "short_entry_initial_ema_dist": [-0.05116392320729025, -0.03069835392437415],
            "short_entry_initial_qty_pct": [0.18702424017444728, 0.3117070669574121],
            "short_entry_trailing_grid_ratio": [0.00294479919903804, 0.0049079986650634],
            "short_entry_trailing_retracement_pct": [0.04838585774812784, 0.08064309624687974],
            "short_entry_trailing_threshold_pct": [0.0488173413318581, 0.08136223555309684],
            "short_filter_relative_volume_clip_pct": [0, 1],
            "short_filter_rolling_window": [10, 360],
            "short_n_positions": [1.4, 8.0],
            "short_total_wallet_exposure_limit": [0.05, 0.5],
            "short_unstuck_close_pct": [0.001, 1],
            "short_unstuck_ema_dist": [-0.1, 0.01],
            "short_unstuck_loss_allowance_pct": [0.001, 1],
            "short_unstuck_threshold": [0.4, 0.95]
        },
        "compress_results_file": true,
        "crossover_probability": 0.7,