{
    "backtest": {
        "base_dir": "backtests",
        "combine_ohlcvs": true,
        "compress_cache": true,
        "end_date": "now",
        "exchanges": ["bybit"],
        "gap_tolerance_ohlcvs_minutes": 120.0,
        "start_date": "2025-02-04",
        "starting_balance": 460
    },
    "bot": {
        "long": {
            "close_grid_markup_range": 0.019780547507413055,
            "close_grid_min_markup": 0.032867928667038034,
            "close_grid_qty_pct": 0.05772199375792827,
            "close_trailing_grid_ratio": -0.8716273326817205,
            "close_trailing_qty_pct": 0.9486135646912408,
            "close_trailing_retracement_pct": 0.10331913368416502,
            "close_trailing_threshold_pct": 0.018966705808524723,
            "ema_span_0": 702.4237137516635,
            "ema_span_1": 1244.1991130434512,
            "enforce_exposure_limit": 1,
            "entry_grid_double_down_factor": 1.6143318879385733,
            "entry_grid_spacing_pct": 0.013339592837296629,
            "entry_grid_spacing_weight": 6.834382512425358,
            "entry_initial_ema_dist": -0.020951646954701968,
            "entry_initial_qty_pct": 0.0635423790527284,
            "entry_trailing_grid_ratio": -0.938789068574113,
            "entry_trailing_retracement_pct": 0.05040859912990414,
            "entry_trailing_threshold_pct": 0.054083437484476686,
            "filter_relative_volume_clip_pct": 0.7560296364966841,
            "filter_rolling_window": 253.23333122035757,
            "n_positions": 1.975671112758822,
            "total_wallet_exposure_limit": 0.28296415884259535,
            "unstuck_close_pct": 0.06783772615137992,
            "unstuck_ema_dist": 0.0039294630431132025,
            "unstuck_loss_allowance_pct": 0.4601049748308335,
            "unstuck_threshold": 0.9334559166946704
        },
        "short": {
            "close_grid_markup_range": 0.017255846714230198,
            "close_grid_min_markup": 0.03344821946109489,
            "close_grid_qty_pct": 0.8947803564789762,
            "close_trailing_grid_ratio": -0.7912641122889705,
            "close_trailing_qty_pct": 0.5381334604310861,
            "close_trailing_retracement_pct": 0.06304203838642226,
            "close_trailing_threshold_pct": 0.02232695753760575,
            "ema_span_0": 582.3514615204135,
            "ema_span_1": 879.0640158031722,
            "enforce_exposure_limit": 1,
            "entry_grid_double_down_factor": 2.6402672949928396,
            "entry_grid_spacing_pct": 0.04434062175274294,
            "entry_grid_spacing_weight": 8.432924620662602,
            "entry_initial_ema_dist": -0.037667932521259335,
            "entry_initial_qty_pct": 0.3061203416799673,
            "entry_trailing_grid_ratio": -0.8483510661863297,
            "entry_trailing_retracement_pct": 0.0638088861041612,
            "entry_trailing_threshold_pct": 0.059158086874152534,
            "filter_relative_volume_clip_pct": 0.41481817779886104,
            "filter_rolling_window": 240.0146878929208,
            "n_positions": 1.502846613983828,
            "total_wallet_exposure_limit": 0.48429179481645956,
            "unstuck_close_pct": 0.2124892570188648,
            "unstuck_ema_dist": 0.0053883238904773095,
            "unstuck_loss_allowance_pct": 0.00832255395709547,
            "unstuck_threshold": 0.9221872928392132
        }
    },
    "live": {
        "approved_coins": ["FARTCOIN", "BONK", "SHIB", "KDA", "EGLD", "OP", "HYPE", "LINK"],
        "auto_gs": true,
        "coin_flags": {},
        "empty_means_all_approved": true,
        "execution_delay_seconds": 2.0,
        "filter_by_min_effective_cost": true,
        "forced_mode_long": "",
        "forced_mode_short": "",
        "ignored_coins": { "long": [], "short": [] },
        "leverage": 10.0,
        "market_orders_allowed": true,
        "max_n_cancellations_per_batch": 5,
        "max_n_creations_per_batch": 3,
        "max_n_restarts_per_day": 10,
        "minimum_coin_age_days": 30.0,
        "ohlcvs_1m_rolling_window_days": 4.0,
        "ohlcvs_1m_update_after_minutes": 10.0,
        "pnls_max_lookback_days": 30.0,
        "price_distance_threshold": 0.002,
        "time_in_force": "good_till_cancelled",
        "user": "bybit_passivbot"
    },
    "optimize": {
        "bounds": {
            "long_close_grid_markup_range": [0.012846782217125927, 0.021411303695209878],
            "long_close_grid_min_markup": [0.021357328492914873, 0.035595547488191455],
            "long_close_grid_qty_pct": [0.04417098071538604, 0.07361830119231006],
            "long_close_trailing_grid_ratio": [-1, -0.75],
            "long_close_trailing_qty_pct": [0.5712147087144346, 0.9520245145230576],
            "long_close_trailing_retracement_pct": [0.06281782102093627, 0.10469636836822711],
            "long_close_trailing_threshold_pct": [0.013473479173069, 0.02245579862178164],
            "long_ema_span_0": [200, 1440],
            "long_ema_span_1": [200, 1440],
            "long_entry_grid_double_down_factor": [1.2436671394961498, 2.0727785658269165],
            "long_entry_grid_spacing_pct": [0.011935441069524203, 0.01989240178254034],
            "long_entry_grid_spacing_weight": [4.693905769623276, 7.823176282705461],
            "long_entry_initial_ema_dist": [-0.0240292936477889, -0.01441757618867334],
            "long_entry_initial_qty_pct": [0.03857823533033837, 0.06429705888389729],
            "long_entry_trailing_grid_ratio": [-1, -0.75],
            "long_entry_trailing_retracement_pct": [0.04837119681816491, 0.08061866136360819],
            "long_entry_trailing_threshold_pct": [0.05376202276184092, 0.08960337126973486],
            "long_filter_relative_volume_clip_pct": [0, 1],
            "long_filter_rolling_window": [10, 360],
            "long_n_positions": [1.4, 8.0],
            "long_total_wallet_exposure_limit": [0.05, 0.5],
            "long_unstuck_close_pct": [0.001, 1],
            "long_unstuck_ema_dist": [-0.1, 0.01],
            "long_unstuck_loss_allowance_pct": [0.001, 1],
            "long_unstuck_threshold": [0.4, 0.95],
            "short_close_grid_markup_range": [0.01620738451710582, 0.0270123075285097],
            "short_close_grid_min_markup": [0.021299685783807573, 0.035499476306345956],
            "short_close_grid_qty_pct": [0.5752327030943059, 0.9587211718238432],
            "short_close_trailing_grid_ratio": [-1, -0.75],
            "short_close_trailing_qty_pct": [0.5362469860871537, 0.8937449768119227],
            "short_close_trailing_retracement_pct": [0.03913425650191511, 0.06522376083652518],
            "short_close_trailing_threshold_pct": [0.013484998114608405, 0.022474996857680675],
            "short_ema_span_0": [200, 1440],
            "short_ema_span_1": [200, 1440],
            "short_entry_grid_double_down_factor": [1.6239460362517118, 2.706576727086186],
            "short_entry_grid_spacing_pct": [0.0392907905442834, 0.06548465090713899],
            "short_entry_grid_spacing_weight": [5.448398478749906, 9.080664131249844],
            "short_entry_initial_ema_dist": [-0.05116392320729025, -0.03069835392437415],
            "short_entry_initial_qty_pct": [0.18702424017444728, 0.3117070669574121],
            "short_entry_trailing_grid_ratio": [-1, -0.75],
            "short_entry_trailing_retracement_pct": [0.04838585774812784, 0.08064309624687974],
            "short_entry_trailing_threshold_pct": [0.0488173413318581, 0.08136223555309684],
            "short_filter_relative_volume_clip_pct": [0, 1],
            "short_filter_rolling_window": [10, 360],
            "short_n_positions": [1.4, 8.0],
            "short_total_wallet_exposure_limit": [0.05, 0.5],
            "short_unstuck_close_pct": [0.001, 1],
            "short_unstuck_ema_dist": [-0.1, 0.01],
            "short_unstuck_loss_allowance_pct": [0.001, 1],
            "short_unstuck_threshold": [0.4, 0.95]
        },
        "compress_results_file": true,