{
    "backtest": {
        "base_dir": "backtests",
        "combine_ohlcvs": true,
        "compress_cache": true,
        "end_date": "now",
        "exchanges": ["bybit"],
        "gap_tolerance_ohlcvs_minutes": 120.0,
        "start_date": "2024-01-01",
        "starting_balance": 500
    },
    "bot": {
        "long": {
            "close_grid_markup_range": 0.0006327459250867501,
            "close_grid_min_markup": 0.009055631036692819,
            "close_grid_qty_pct": 0.6219246568159852,
            "close_trailing_grid_ratio": -0.9310817082712527,
            "close_trailing_qty_pct": 0.12216749169351203,
            "close_trailing_retracement_pct": 0.05604001761897754,
            "close_trailing_threshold_pct": 0.015276948614391278,
            "ema_span_0": 887.1210492594685,
            "ema_span_1": 272.9700447111178,
            "enforce_exposure_limit": 1,
            "entry_grid_double_down_factor": 2.242989905160951,
            "entry_grid_spacing_pct": 0.037813293201736764,
            "entry_grid_spacing_weight": 6.9787008992336,
            "entry_initial_ema_dist": -0.09451640990021687,
            "entry_initial_qty_pct": 0.08241797383784809,
            "entry_trailing_grid_ratio": 0.5182841990178385,
            "entry_trailing_retracement_pct": 0.050256795841379064,
            "entry_trailing_threshold_pct": 0.02249184485967231,
            "filter_relative_volume_clip_pct": 0.542417359748856,
            "filter_rolling_window": 310.8379233774787,
            "n_positions": 1.005434996954699,
            "total_wallet_exposure_limit": 0.06049647504933243,
            "unstuck_close_pct": 0.7721290231931689,
            "unstuck_ema_dist": -0.07357728052942512,
            "unstuck_loss_allowance_pct": 0.8199995475350833,
            "unstuck_threshold": 0.7158595741663241
        },
        "short": {
            "close_grid_markup_range": 0.02582755759436973,
            "close_grid_min_markup": 0.020563299951509923,
            "close_grid_qty_pct": 0.21297898109090463,
            "close_trailing_grid_ratio": -0.3826306729453627,
            "close_trailing_qty_pct": 0.32624060131564153,
            "close_trailing_retracement_pct": 0.05035326917838782,
            "close_trailing_threshold_pct": 0.018031645560817506,
            "ema_span_0": 797.8229365503229,
            "ema_span_1": 692.1681063587164,
            "enforce_exposure_limit": 1,
            "entry_grid_double_down_factor": 2.9537726074542228,
            "entry_grid_spacing_pct": 0.03625519089593748,
            "entry_grid_spacing_weight": 4.229165759546579,
            "entry_initial_ema_dist": -0.013708674110289651,
            "entry_initial_qty_pct": 0.20737818704494698,
            "entry_trailing_grid_ratio": 0.8635356833455842,
            "entry_trailing_retracement_pct": 0.057513568134489504,
            "entry_trailing_threshold_pct": 0.047169447492463316,
            "filter_relative_volume_clip_pct": 0.1978467238455436,
            "filter_rolling_window": 209.77164845464972,
            "n_positions": 1.1603209043764817,
            "total_wallet_exposure_limit": 0.07423000801470866,
            "unstuck_close_pct": 0.011510153122250845,
            "unstuck_ema_dist": -0.07173307767293849,
            "unstuck_loss_allowance_pct": 0.5743898907487858,
            "unstuck_threshold": 0.897052072640632
        }
    },
    "live": {
        "approved_coins": ["FARTCOIN", "HYPE"],
        "auto_gs": true,
        "coin_flags": {},
        "empty_means_all_approved": true,
        "execution_delay_seconds": 2.0,
        "filter_by_min_effective_cost": true,
        "forced_mode_long": "",
        "forced_mode_short": "",
        "ignored_coins": { "long": [], "short": [] },
        "leverage": 10.0,
        "market_orders_allowed": true,
        "max_n_cancellations_per_batch": 5,
        "max_n_creations_per_batch": 3,
        "max_n_restarts_per_day": 10,
        "minimum_coin_age_days": 30.0,
        "ohlcvs_1m_rolling_window_days": 4.0,
        "ohlcvs_1m_update_after_minutes": 10.0,
        "pnls_max_lookback_days": 30.0,
        "price_distance_threshold": 0.002,
        "time_in_force": "good_till_cancelled",
        "user": "bybit_passivbot"
    },
    "optimize": {
        "bounds": {
            "long_close_grid_markup_range": [0, 0.03],
            "long_close_grid_min_markup": [0.001, 0.03],
            "long_close_grid_qty_pct": [0.05, 1],
            "long_close_trailing_grid_ratio": [-1, 0],
            "long_close_trailing_qty_pct": [0.05, 1],
            "long_close_trailing_retracement_pct": [0.05, 0.1],
            "long_close_trailing_threshold_pct": [0.01, 0.02],
            "long_ema_span_0": [200, 1440],
            "long_ema_span_1": [200, 1440],
            "long_entry_grid_double_down_factor": [0.1, 3],
            "long_entry_grid_spacing_pct": [0.001, 0.06],
            "long_entry_grid_spacing_weight": [0, 10],
            "long_entry_initial_ema_dist": [-0.1, 0.003],
            "long_entry_initial_qty_pct": [0.004, 0.25],
            "long_entry_trailing_grid_ratio": [0, 1],
            "long_entry_trailing_retracement_pct": [0.05, 0.1],
            "long_entry_trailing_threshold_pct": [0.01, 0.1],
            "long_filter_relative_volume_clip_pct": [0, 1],
            "long_filter_rolling_window": [10, 360],
            "long_n_positions": [1, 2],
            "long_total_wallet_exposure_limit": [0.025, 0.075],
            "long_unstuck_close_pct": [0.001, 1],
            "long_unstuck_ema_dist": [-0.1, 0.01],
            "long_unstuck_loss_allowance_pct": [0.001, 1],
            "long_unstuck_threshold": [0.4, 0.95],
            "short_close_grid_markup_range": [0, 0.03],
            "short_close_grid_min_markup": [0.001, 0.03],
            "short_close_grid_qty_pct": [0.05, 1],
            "short_close_trailing_grid_ratio": [-1, 0],
            "short_close_trailing_qty_pct": [0.05, 1],
            "short_close_trailing_retracement_pct": [0.05, 0.1],
            "short_close_trailing_threshold_pct": [0.01, 0.02],
            "short_ema_span_0": [200, 1440],
            "short_ema_span_1": [200, 1440],
            "short_entry_grid_double_down_factor": [0.1, 3],
            "short_entry_grid_spacing_pct": [0.001, 0.06],
            "short_entry_grid_spacing_weight": [0, 10],
            "short_entry_initial_ema_dist": [-0.1, 0.003],
            "short_entry_initial_qty_pct": [0.004, 0.25],
            "short_entry_trailing_grid_ratio": [0, 1],
            "short_entry_trailing_retracement_pct": [0.05, 0.1],
            "short_entry_trailing_threshold_pct": [0.01, 0.1],
            "short_filter_relative_volume_clip_pct": [0, 1],
            "short_filter_rolling_window": [10, 360],
            "short_n_positions": [1, 2],
            "short_total_wallet_exposure_limit": [0.025, 0.075],
            "short_unstuck_close_pct": [0.001, 1],
            "short_unstuck_ema_dist": [-0.1, 0.01],
            "short_unstuck_loss_allowance_pct": [0.001, 1],
            "short_unstuck_threshold": [0.4, 0.95]
        },
        "compress_results_file": true,
        "crossover_probability": 0.7,
        "iters": 300000,
        "limits": {
            "lower_bound_drawdown_worst": 0.333,
            "lower_bound_drawdown_worst_mean_1pct": 0.2,
            "lower_bound_equity_balance_diff_neg_max": 0.4,
            "lower_bound_equity_balance_diff_neg_mean": 0.01,
            "lower_bound_equity_balance_diff_pos_max": 0.5,
            "lower_bound_equity_balance_diff_pos_mean": 0.02,
            "lower_bound_loss_profit_ratio": 0.5
        },
        "mutation_probability": 0.2,
        "n_cpus": 10,
        "population_size": 500,
        "scoring": ["mdg", "sterling_ratio"]
    }
}
