{
    "backtest": {
        "base_dir": "backtests",
        "combine_ohlcvs": true,
        "compress_cache": true,
        "end_date": "now",
        "exchanges": ["bybit"],
        "gap_tolerance_ohlcvs_minutes": 120.0,
        "start_date": "2024-01-01",
        "starting_balance": 500
    },
    "bot": {
        "long": {
            "close_grid_markup_range": 0.011604632273206275,
            "close_grid_min_markup": 0.020617055101776013,
            "close_grid_qty_pct": 0.9695521029361059,
            "close_trailing_grid_ratio": -0.9954059310654406,
            "close_trailing_qty_pct": 0.8721461046049653,
            "close_trailing_retracement_pct": 0.0761338360349783,
            "close_trailing_threshold_pct": 0.014184665236719162,
            "ema_span_0": 392.4539299593573,
            "ema_span_1": 1162.723398734175,
            "enforce_exposure_limit": 1,
            "entry_grid_double_down_factor": 2.8267835617210015,
            "entry_grid_spacing_pct": 0.012688846711584293,
            "entry_grid_spacing_weight": 8.389782017079115,
            "entry_initial_ema_dist": -0.07714330044165166,
            "entry_initial_qty_pct": 0.1566213572534911,
            "entry_trailing_grid_ratio": 0.660384254954882,
            "entry_trailing_retracement_pct": 0.06711002520739119,
            "entry_trailing_threshold_pct": 0.05408721475980946,
            "filter_relative_volume_clip_pct": 0.15829831455960014,
            "filter_rolling_window": 27.6449466651572,
            "n_positions": 1.0,
            "total_wallet_exposure_limit": 0.04918834429939208,
            "unstuck_close_pct": 0.28971971439704564,
            "unstuck_ema_dist": -0.0022915657742190463,
            "unstuck_loss_allowance_pct": 0.2845389200137937,
            "unstuck_threshold": 0.7211430748112532
        },
        "short": {
            "close_grid_markup_range": 0.02008033994328666,
            "close_grid_min_markup": 0.021728044970548074,
            "close_grid_qty_pct": 0.8376847718449613,
            "close_trailing_grid_ratio": -0.8211452583940434,
            "close_trailing_qty_pct": 0.8986658434048114,
            "close_trailing_retracement_pct": 0.06415991772322882,
            "close_trailing_threshold_pct": 0.019876546208797634,
            "ema_span_0": 265.0376061891487,
            "ema_span_1": 411.94644101267954,
            "enforce_exposure_limit": 1,
            "entry_grid_double_down_factor": 2.9458155092112674,
            "entry_grid_spacing_pct": 0.022661456278679642,
            "entry_grid_spacing_weight": 3.5315851399991374,
            "entry_initial_ema_dist": -0.07209402240972422,
            "entry_initial_qty_pct": 0.014259333137241113,
            "entry_trailing_grid_ratio": 0.9713909828592828,
            "entry_trailing_retracement_pct": 0.056530775974123613,
            "entry_trailing_threshold_pct": 0.03372721279752607,
            "filter_relative_volume_clip_pct": 0.9756448682289665,
            "filter_rolling_window": 205.3008886234461,
            "n_positions": 1.0,
            "total_wallet_exposure_limit": 0.07006016664470942,
            "unstuck_close_pct": 0.6207124400669886,
            "unstuck_ema_dist": 0.008781260404871207,
            "unstuck_loss_allowance_pct": 0.25722811458015804,
            "unstuck_threshold": 0.9377653548781031
        }
    },
    "live": {
        "approved_coins": ["FARTCOIN", "HYPE"],
        "auto_gs": true,
        "coin_flags": {
            "FARTCOIN": "-lw 0.04918834429939208 -sw 0.07006016664470942 -lc configs/bybit/bybit-FARTCOIN-0.1.0.json",
            "HYPE": "-lw 0.07017578627204552 sw 0.061602038793770054 -lc configs/bybit/bybit-HYPE-0.1.0.json"
        },
        "empty_means_all_approved": true,
        "execution_delay_seconds": 2.0,
        "filter_by_min_effective_cost": true,
        "forced_mode_long": "",
        "forced_mode_short": "",
        "ignored_coins": { "long": [], "short": [] },
        "leverage": 10.0,
        "market_orders_allowed": true,
        "max_n_cancellations_per_batch": 5,
        "max_n_creations_per_batch": 3,
        "max_n_restarts_per_day": 10,
        "minimum_coin_age_days": 30.0,
        "ohlcvs_1m_rolling_window_days": 4.0,
        "ohlcvs_1m_update_after_minutes": 10.0,
        "pnls_max_lookback_days": 30.0,
        "price_distance_threshold": 0.002,
        "time_in_force": "good_till_cancelled",
        "user": "bybit_passivbot"
    },
    "optimize": {
        "bounds": {
            "long_close_grid_markup_range": [0, 0.03],
            "long_close_grid_min_markup": [0.001, 0.03],
            "long_close_grid_qty_pct": [0.05, 1],
            "long_close_trailing_grid_ratio": [-1, 0],
            "long_close_trailing_qty_pct": [0.05, 1],
            "long_close_trailing_retracement_pct": [0.05, 0.1],
            "long_close_trailing_threshold_pct": [0.01, 0.02],
            "long_ema_span_0": [200, 1440],
            "long_ema_span_1": [200, 1440],
            "long_entry_grid_double_down_factor": [0.1, 3],
            "long_entry_grid_spacing_pct": [0.001, 0.06],
            "long_entry_grid_spacing_weight": [0, 10],
            "long_entry_initial_ema_dist": [-0.1, 0.003],
            "long_entry_initial_qty_pct": [0.004, 0.25],
            "long_entry_trailing_grid_ratio": [0, 1],
            "long_entry_trailing_retracement_pct": [0.05, 0.1],
            "long_entry_trailing_threshold_pct": [0.01, 0.1],
            "long_filter_relative_volume_clip_pct": [0, 1],
            "long_filter_rolling_window": [10, 360],
            "long_n_positions": [1, 1],
            "long_total_wallet_exposure_limit": [0.025, 0.075],
            "long_unstuck_close_pct": [0.001, 1],
            "long_unstuck_ema_dist": [-0.1, 0.01],
            "long_unstuck_loss_allowance_pct": [0.001, 1],
            "long_unstuck_threshold": [0.4, 0.95],
            "short_close_grid_markup_range": [0, 0.03],
            "short_close_grid_min_markup": [0.001, 0.03],
            "short_close_grid_qty_pct": [0.05, 1],
            "short_close_trailing_grid_ratio": [-1, 0],
            "short_close_trailing_qty_pct": [0.05, 1],
            "short_close_trailing_retracement_pct": [0.05, 0.1],
            "short_close_trailing_threshold_pct": [0.01, 0.02],
            "short_ema_span_0": [200, 1440],
            "short_ema_span_1": [200, 1440],
            "short_entry_grid_double_down_factor": [0.1, 3],
            "short_entry_grid_spacing_pct": [0.001, 0.06],
            "short_entry_grid_spacing_weight": [0, 10],
            "short_entry_initial_ema_dist": [-0.1, 0.003],
            "short_entry_initial_qty_pct": [0.004, 0.25],
            "short_entry_trailing_grid_ratio": [0, 1],
            "short_entry_trailing_retracement_pct": [0.05, 0.1],
            "short_entry_trailing_threshold_pct": [0.01, 0.1],
            "short_filter_relative_volume_clip_pct": [0, 1],
            "short_filter_rolling_window": [10, 360],
            "short_n_positions": [1, 1],
            "short_total_wallet_exposure_limit": [0.025, 0.075],
            "short_unstuck_close_pct": [0.001, 1],
            "short_unstuck_ema_dist": [-0.1, 0.01],
            "short_unstuck_loss_allowance_pct": [0.001, 1],
            "short_unstuck_threshold": [0.4, 0.95]
        },
        "compress_results_file": true,
        "crossover_probability": 0.7,
        "iters": 300000,
        "limits": {
            "lower_bound_drawdown_worst": 0.333,
            "lower_bound_drawdown_worst_mean_1pct": 0.2,
            "lower_bound_equity_balance_diff_neg_max": 0.4,
            "lower_bound_equity_balance_diff_neg_mean": 0.01,
            "lower_bound_equity_balance_diff_pos_max": 0.5,
            "lower_bound_equity_balance_diff_pos_mean": 0.02,
            "lower_bound_loss_profit_ratio": 0.5
        },
        "mutation_probability": 0.2,
        "n_cpus": 10,
        "population_size": 500,
        "scoring": ["mdg", "sterling_ratio"]
    }
}
