{
    "backtest": {
        "base_dir": "backtests",
        "combine_ohlcvs": true,
        "compress_cache": true,
        "end_date": "now",
        "exchanges": ["bybit"],
        "gap_tolerance_ohlcvs_minutes": 120.0,
        "start_date": "2025-01-30",
        "starting_balance": 500
    },
    "bot": {
        "long": {
            "close_grid_markup_range": 0.016345465650331053,
            "close_grid_min_markup": 0.020058006333117325,
            "close_grid_qty_pct": 0.762215929832565,
            "close_trailing_grid_ratio": -0.8988447661620197,
            "close_trailing_qty_pct": 0.750169374129956,
            "close_trailing_retracement_pct": 0.050258677304514096,
            "close_trailing_threshold_pct": 0.014934629972744863,
            "ema_span_0": 431.2744895017676,
            "ema_span_1": 1414.7336835144158,
            "enforce_exposure_limit": 1,
            "entry_grid_double_down_factor": 2.9255035481373763,
            "entry_grid_spacing_pct": 0.0025376052134046196,
            "entry_grid_spacing_weight": 0.9794738075254934,
            "entry_initial_ema_dist": -0.0007893075800626978,
            "entry_initial_qty_pct": 0.14702974334354849,
            "entry_trailing_grid_ratio": 0.8109644212228245,
            "entry_trailing_retracement_pct": 0.07265674689996698,
            "entry_trailing_threshold_pct": 0.05058541639559187,
            "filter_relative_volume_clip_pct": 0.612792088922106,
            "filter_rolling_window": 276.8046086416089,
            "n_positions": 2.6707270829671117,
            "total_wallet_exposure_limit": 0.09932253164238977,
            "unstuck_close_pct": 0.2393320127283271,
            "unstuck_ema_dist": -0.045677230967323554,
            "unstuck_loss_allowance_pct": 0.5300522928412534,
            "unstuck_threshold": 0.809824278440595
        },
        "short": {
            "close_grid_markup_range": 0.01070570068142523,
            "close_grid_min_markup": 0.006167497958645922,
            "close_grid_qty_pct": 0.12111701623699764,
            "close_trailing_grid_ratio": -0.571424584713847,
            "close_trailing_qty_pct": 0.148482921711745,
            "close_trailing_retracement_pct": 0.07388341599603636,
            "close_trailing_threshold_pct": 0.017603862095848154,
            "ema_span_0": 932.3905576807897,
            "ema_span_1": 414.56567646960025,
            "enforce_exposure_limit": 1,
            "entry_grid_double_down_factor": 1.850612663160401,
            "entry_grid_spacing_pct": 0.03207914968271322,
            "entry_grid_spacing_weight": 0.6465113051591276,
            "entry_initial_ema_dist": -0.06905130699747412,
            "entry_initial_qty_pct": 0.0458325558452471,
            "entry_trailing_grid_ratio": -0.5673412118417052,
            "entry_trailing_retracement_pct": 0.06141630575077145,
            "entry_trailing_threshold_pct": 0.10098964690436105,
            "filter_relative_volume_clip_pct": 0.1427480458087197,
            "filter_rolling_window": 89.58967111725208,
            "n_positions": 2.5867392793376087,
            "total_wallet_exposure_limit": 0.14449333555242194,
            "unstuck_close_pct": 0.5913385209561274,
            "unstuck_ema_dist": -0.009526134909637926,
            "unstuck_loss_allowance_pct": 0.4595730661564184,
            "unstuck_threshold": 0.48226788947071264
        }
    },
    "live": {
        "approved_coins": ["FARTCOIN", "BONK", "SHIB", "KDA", "EGLD", "OP", "HYPE", "LINK"],
        "auto_gs": true,
        "coin_flags": {},
        "empty_means_all_approved": true,
        "execution_delay_seconds": 2.0,
        "filter_by_min_effective_cost": true,
        "forced_mode_long": "",
        "forced_mode_short": "",
        "ignored_coins": { "long": [], "short": [] },
        "leverage": 10.0,
        "market_orders_allowed": true,
        "max_n_cancellations_per_batch": 5,
        "max_n_creations_per_batch": 3,
        "max_n_restarts_per_day": 10,
        "minimum_coin_age_days": 30.0,
        "ohlcvs_1m_rolling_window_days": 4.0,
        "ohlcvs_1m_update_after_minutes": 10.0,
        "pnls_max_lookback_days": 30.0,
        "price_distance_threshold": 0.002,
        "time_in_force": "good_till_cancelled",
        "user": "bybit_passivbot"
    },
    "optimize": {
        "bounds": {
            "long_close_grid_markup_range": [0.014199445257981435, 0.017354877537532867],
            "long_close_grid_min_markup": [0.016458238376303596, 0.02011562468214884],
            "long_close_grid_qty_pct": [0.7018394293435091, 0.8578037469754001],
            "long_close_trailing_grid_ratio": [-1, 0],
            "long_close_trailing_qty_pct": [0.6417721471628787, 0.7843881798657406],
            "long_close_trailing_retracement_pct": [0.04570539989756066, 0.05586215543035192],
            "long_close_trailing_threshold_pct": [0.012786995679261504, 0.01562855027465295],
            "long_ema_span_0": [200, 1440],
            "long_ema_span_1": [200, 1440],
            "long_entry_grid_double_down_factor": [2.508528777532759, 3.065979616984483],
            "long_entry_grid_spacing_pct": [0.002303882567502485, 0.002815856471391926],
            "long_entry_grid_spacing_weight": [0.8021461439508129, 0.9804008426065491],
            "long_entry_initial_ema_dist": [-0.0009634064904088445, -0.0007882416739708727],
            "long_entry_initial_qty_pct": [0.13093618817085936, 0.16003311887549476],
            "long_entry_trailing_grid_ratio": [0, 1],
            "long_entry_trailing_retracement_pct": [0.06097994365083396, 0.07453104223990818],
            "long_entry_trailing_threshold_pct": [0.0445317712222275, 0.05442772038272249],
            "long_filter_relative_volume_clip_pct": [0, 1],
            "long_filter_rolling_window": [10, 360],
            "long_n_positions": [2.4, 8],
            "long_total_wallet_exposure_limit": [0.05, 0.15],
            "long_unstuck_close_pct": [0.2222391568856563, 0.2716256361935799],
            "long_unstuck_ema_dist": [-0.04711208345468765, -0.03854625009928989],
            "long_unstuck_loss_allowance_pct": [0.5177080011896983, 0.6327564458985201],
            "long_unstuck_threshold": [0.7935042091864042, 0.969838477894494],
            "short_close_grid_markup_range": [0.010249842445035308, 0.01252758521282093],
            "short_close_grid_min_markup": [0.005390845475531167, 0.006588811136760316],
            "short_close_grid_qty_pct": [0.10602128419779486, 0.1295815695750826],
            "short_close_trailing_grid_ratio": [-1, 0],
            "short_close_trailing_qty_pct": [0.1302568772702934, 0.15920285099602527],
            "short_close_trailing_retracement_pct": [0.07388102757164235, 0.090299033698674],
            "short_close_trailing_threshold_pct": [0.016810068120948582, 0.020545638814492714],
            "short_ema_span_0": [200, 1440],
            "short_ema_span_1": [200, 1440],
            "short_entry_grid_double_down_factor": [1.6900292979438618, 2.065591364153608],
            "short_entry_grid_spacing_pct": [0.02785171136809783, 0.03404198056323067],
            "short_entry_grid_spacing_weight": [0.591369159693708, 0.722784528514532],
            "short_entry_initial_ema_dist": [-0.07073924191656072, -0.05787756156791332],
            "short_entry_initial_qty_pct": [0.03951133314604987, 0.04829162940072761],
            "short_entry_trailing_grid_ratio": [-1, 0],
            "short_entry_trailing_retracement_pct": [0.05134398158893989, 0.06275375527537097],
            "short_entry_trailing_threshold_pct": [0.08298898149141042, 0.1014309773783905],
            "short_filter_relative_volume_clip_pct": [0, 1],
            "short_filter_rolling_window": [10, 360],
            "short_n_positions": [2.4, 8],
            "short_total_wallet_exposure_limit": [0.05, 0.15],
            "short_unstuck_close_pct": [0.5291116183013159, 0.6466921779238306],