{
    "backtest": {
        "base_dir": "backtests",
        "combine_ohlcvs": true,
        "compress_cache": true,
        "end_date": "now",
        "exchanges": ["bybit"],
        "gap_tolerance_ohlcvs_minutes": 120.0,
        "start_date": "2025-01-30",
        "starting_balance": 500
    },
    "bot": {
        "long": {
            "close_grid_markup_range": 0.014963848368438361,
            "close_grid_min_markup": 0.017311229916009693,
            "close_grid_qty_pct": 0.8148149911235687,
            "close_trailing_grid_ratio": -0.3781835331083278,
            "close_trailing_qty_pct": 0.6519070196111827,
            "close_trailing_retracement_pct": 0.05058658194729876,
            "close_trailing_threshold_pct": 0.013954281691014942,
            "ema_span_0": 1155.3321696349865,
            "ema_span_1": 972.4166325245083,
            "enforce_exposure_limit": 1,
            "entry_grid_double_down_factor": 3.0345783520454495,
            "entry_grid_spacing_pct": 0.0026432283586722053,
            "entry_grid_spacing_weight": 0.864148174126962,
            "entry_initial_ema_dist": -0.0009298298169979479,
            "entry_initial_qty_pct": 0.131906801228876,
            "entry_trailing_grid_ratio": 0.11141018869698396,
            "entry_trailing_retracement_pct": 0.07145273914956125,
            "entry_trailing_threshold_pct": 0.050098979109628045,
            "filter_relative_volume_clip_pct": 0.1352537408574041,
            "filter_rolling_window": 264.68986170839554,
            "n_positions": 1.5811944665661168,
            "total_wallet_exposure_limit": 0.1461908306375077,
            "unstuck_close_pct": 0.4117851383018055,
            "unstuck_ema_dist": -0.019166010874955296,
            "unstuck_loss_allowance_pct": 0.9435875652081624,
            "unstuck_threshold": 0.4120349223057519
        },
        "short": {
            "close_grid_markup_range": 0.01111204293859963,
            "close_grid_min_markup": 0.0056530606336604545,
            "close_grid_qty_pct": 0.11442179598984244,
            "close_trailing_grid_ratio": -0.5092485263352396,
            "close_trailing_qty_pct": 0.14525093679290724,
            "close_trailing_retracement_pct": 0.08864407552421588,
            "close_trailing_threshold_pct": 0.017282379137703485,
            "ema_span_0": 806.3716659175944,
            "ema_span_1": 1281.855234145723,
            "enforce_exposure_limit": 1,
            "entry_grid_double_down_factor": 1.842062077967087,
            "entry_grid_spacing_pct": 0.02818987052112444,
            "entry_grid_spacing_weight": 0.6464239939059023,
            "entry_initial_ema_dist": -0.06928892469495206,
            "entry_initial_qty_pct": 0.04122618739828971,
            "entry_trailing_grid_ratio": 0.004624935624529085,
            "entry_trailing_retracement_pct": 0.0578867464172616,
            "entry_trailing_threshold_pct": 0.09950077529934946,
            "filter_relative_volume_clip_pct": 0.5978692900952051,
            "filter_rolling_window": 216.96366440090304,
            "n_positions": 1.509606142066757,
            "total_wallet_exposure_limit": 0.1478841297010739,
            "unstuck_close_pct": 0.8060008693533102,
            "unstuck_ema_dist": -0.014876488755303887,
            "unstuck_loss_allowance_pct": 0.31231431487434685,
            "unstuck_threshold": 0.865474494280732
        }
    },
    "live": {
        "approved_coins": ["OP", "HYPE"],
        "auto_gs": true,
        "coin_flags": {},
        "empty_means_all_approved": true,
        "execution_delay_seconds": 2.0,
        "filter_by_min_effective_cost": true,
        "forced_mode_long": "",
        "forced_mode_short": "",
        "ignored_coins": { "long": [], "short": [] },
        "leverage": 10.0,
        "market_orders_allowed": true,
        "max_n_cancellations_per_batch": 5,
        "max_n_creations_per_batch": 3,
        "max_n_restarts_per_day": 10,
        "minimum_coin_age_days": 30.0,
        "ohlcvs_1m_rolling_window_days": 4.0,
        "ohlcvs_1m_update_after_minutes": 10.0,
        "pnls_max_lookback_days": 30.0,
        "price_distance_threshold": 0.002,
        "time_in_force": "good_till_cancelled",
        "user": "bybit_passivbot"
    },
    "optimize": {
        "bounds": {
            "long_close_grid_markup_range": [0.014199445257981435, 0.017354877537532867],
            "long_close_grid_min_markup": [0.016458238376303596, 0.02011562468214884],
            "long_close_grid_qty_pct": [0.7018394293435091, 0.8578037469754001],
            "long_close_trailing_grid_ratio": [-1, 0],
            "long_close_trailing_qty_pct": [0.6417721471628787, 0.7843881798657406],
            "long_close_trailing_retracement_pct": [0.04570539989756066, 0.05586215543035192],
            "long_close_trailing_threshold_pct": [0.012786995679261504, 0.01562855027465295],
            "long_ema_span_0": [200, 1440],
            "long_ema_span_1": [200, 1440],
            "long_entry_grid_double_down_factor": [2.508528777532759, 3.065979616984483],
            "long_entry_grid_spacing_pct": [0.002303882567502485, 0.002815856471391926],
            "long_entry_grid_spacing_weight": [0.8021461439508129, 0.9804008426065491],
            "long_entry_initial_ema_dist": [-0.0009634064904088445, -0.0007882416739708727],
            "long_entry_initial_qty_pct": [0.13093618817085936, 0.16003311887549476],
            "long_entry_trailing_grid_ratio": [0, 1],
            "long_entry_trailing_retracement_pct": [0.06097994365083396, 0.07453104223990818],
            "long_entry_trailing_threshold_pct": [0.0445317712222275, 0.05442772038272249],
            "long_filter_relative_volume_clip_pct": [0, 1],
            "long_filter_rolling_window": [10, 360],
            "long_n_positions": [1.4, 8],
            "long_total_wallet_exposure_limit": [0.05, 0.15],
            "long_unstuck_close_pct": [0.001, 1],
            "long_unstuck_ema_dist": [-0.1, 0.01],
            "long_unstuck_loss_allowance_pct": [0.001, 1],
            "long_unstuck_threshold": [0.4, 0.95],
            "short_close_grid_markup_range": [0.010249842445035308, 0.01252758521282093],
            "short_close_grid_min_markup": [0.005390845475531167, 0.006588811136760316],
            "short_close_grid_qty_pct": [0.10602128419779486, 0.1295815695750826],
            "short_close_trailing_grid_ratio": [-1, 0],
            "short_close_trailing_qty_pct": [0.1302568772702934, 0.15920285099602527],
            "short_close_trailing_retracement_pct": [0.07388102757164235, 0.090299033698674],
            "short_close_trailing_threshold_pct": [0.016810068120948582, 0.020545638814492714],
            "short_ema_span_0": [200, 1440],
            "short_ema_span_1": [200, 1440],
            "short_entry_grid_double_down_factor": [1.6900292979438618, 2.065591364153608],
            "short_entry_grid_spacing_pct": [0.02785171136809783, 0.03404198056323067],
            "short_entry_grid_spacing_weight": [0.591369159693708, 0.722784528514532],
            "short_entry_initial_ema_dist": [-0.07073924191656072, -0.05787756156791332],
            "short_entry_initial_qty_pct": [0.03951133314604987, 0.04829162940072761],
            "short_entry_trailing_grid_ratio": [0, 1],
            "short_entry_trailing_retracement_pct": [0.05134398158893989, 0.06275375527537097],
            "short_entry_trailing_threshold_pct": [0.08298898149141042, 0.1014309773783905],
            "short_filter_relative_volume_clip_pct": [0, 1],
            "short_filter_rolling_window": [10, 360],
            "short_n_positions": [1.4, 8],
            "short_total_wallet_exposure_limit": [0.05, 0.15],
            "short_unstuck_close_pct": [0.001, 1],
            "short_unstuck_ema_dist": [-0.1, 0.01],
            "short_unstuck_loss_allowance_pct": [0.001, 1],
            "short_unstuck_threshold": [0.4, 0.95]
        },
        "compress_results_file": true,
        "crossover_probability": 0.7,
        "iters": 300000,