{
    "backtest": {
        "base_dir": "backtests",
        "combine_ohlcvs": true,
        "compress_cache": true,
        "end_date": "now",
        "exchanges": ["bybit"],
        "gap_tolerance_ohlcvs_minutes": 120.0,
        "start_date": "2024-01-01",
        "starting_balance": 500
    },
    "bot": {
        "long": {
            "close_grid_markup_range": 0.02775611311997818,
            "close_grid_min_markup": 0.015476142857567864,
            "close_grid_qty_pct": 0.6325139246668141,
            "close_trailing_grid_ratio": -0.33411531066411954,
            "close_trailing_qty_pct": 0.0922794612195024,
            "close_trailing_retracement_pct": 0.08901700129481888,
            "close_trailing_threshold_pct": 0.019020332709442738,
            "ema_span_0": 979.9347148242069,
            "ema_span_1": 1004.0428128374787,
            "enforce_exposure_limit": 1,
            "entry_grid_double_down_factor": 2.543579414531819,
            "entry_grid_spacing_pct": 0.017173608436179297,
            "entry_grid_spacing_weight": 1.704206394058212,
            "entry_initial_ema_dist": -0.027535743549844654,
            "entry_initial_qty_pct": 0.14897454242857958,
            "entry_trailing_grid_ratio": 0.022614703530862396,
            "entry_trailing_retracement_pct": 0.078729654530266,
            "entry_trailing_threshold_pct": 0.05144283693930698,
            "filter_relative_volume_clip_pct": 0.8383152190960627,
            "filter_rolling_window": 184.21587580350098,
            "n_positions": 1.0,
            "total_wallet_exposure_limit": 0.07017578627204552,
            "unstuck_close_pct": 0.6767506935904959,
            "unstuck_ema_dist": -0.06307359276993957,
            "unstuck_loss_allowance_pct": 0.04381260630355821,
            "unstuck_threshold": 0.7022469542918361
        },
        "short": {
            "close_grid_markup_range": 0.026942616749690732,
            "close_grid_min_markup": 0.02082321269991075,
            "close_grid_qty_pct": 0.7189243131067344,
            "close_trailing_grid_ratio": -0.021459868614832206,
            "close_trailing_qty_pct": 0.6879307769590458,
            "close_trailing_retracement_pct": 0.08802772597576605,
            "close_trailing_threshold_pct": 0.011770251510003453,
            "ema_span_0": 1089.1033310690823,
            "ema_span_1": 445.2421828826083,
            "enforce_exposure_limit": 1,
            "entry_grid_double_down_factor": 2.6502211276446985,
            "entry_grid_spacing_pct": 0.03491537461747476,
            "entry_grid_spacing_weight": 9.493624807969686,
            "entry_initial_ema_dist": -0.06269166217902793,
            "entry_initial_qty_pct": 0.1585657102650909,
            "entry_trailing_grid_ratio": 0.11390454845888769,
            "entry_trailing_retracement_pct": 0.07200824539845296,
            "entry_trailing_threshold_pct": 0.05156613357291006,
            "filter_relative_volume_clip_pct": 0.7511344406503854,
            "filter_rolling_window": 117.33819314027664,
            "n_positions": 1.0,
            "total_wallet_exposure_limit": 0.061602038793770054,
            "unstuck_close_pct": 0.49879019621764586,
            "unstuck_ema_dist": -0.0057549235035373155,
            "unstuck_loss_allowance_pct": 0.6762334401207338,
            "unstuck_threshold": 0.9442501587325247
        }
    },
    "live": {
        "approved_coins": ["HYPE"],
        "auto_gs": true,
        "coin_flags": {},
        "empty_means_all_approved": true,
        "execution_delay_seconds": 2.0,
        "filter_by_min_effective_cost": true,
        "forced_mode_long": "",
        "forced_mode_short": "",
        "ignored_coins": { "long": [], "short": [] },
        "leverage": 10.0,
        "market_orders_allowed": true,
        "max_n_cancellations_per_batch": 5,
        "max_n_creations_per_batch": 3,
        "max_n_restarts_per_day": 10,
        "minimum_coin_age_days": 30.0,
        "ohlcvs_1m_rolling_window_days": 4.0,
        "ohlcvs_1m_update_after_minutes": 10.0,
        "pnls_max_lookback_days": 30.0,
        "price_distance_threshold": 0.002,
        "time_in_force": "good_till_cancelled",
        "user": "bybit_passivbot"
    },
    "optimize": {
        "bounds": {
            "long_close_grid_markup_range": [0, 0.03],
            "long_close_grid_min_markup": [0.001, 0.03],
            "long_close_grid_qty_pct": [0.05, 1],
            "long_close_trailing_grid_ratio": [-1, 0],
            "long_close_trailing_qty_pct": [0.05, 1],
            "long_close_trailing_retracement_pct": [0.05, 0.1],
            "long_close_trailing_threshold_pct": [0.01, 0.02],
            "long_ema_span_0": [200, 1440],
            "long_ema_span_1": [200, 1440],
            "long_entry_grid_double_down_factor": [0.1, 3],
            "long_entry_grid_spacing_pct": [0.001, 0.06],
            "long_entry_grid_spacing_weight": [0, 10],
            "long_entry_initial_ema_dist": [-0.1, 0.003],
            "long_entry_initial_qty_pct": [0.004, 0.25],
            "long_entry_trailing_grid_ratio": [0, 1],
            "long_entry_trailing_retracement_pct": [0.05, 0.1],
            "long_entry_trailing_threshold_pct": [0.01, 0.1],
            "long_filter_relative_volume_clip_pct": [0, 1],
            "long_filter_rolling_window": [10, 360],
            "long_n_positions": [1, 1],
            "long_total_wallet_exposure_limit": [0.025, 0.075],
            "long_unstuck_close_pct": [0.001, 1],
            "long_unstuck_ema_dist": [-0.1, 0.01],
            "long_unstuck_loss_allowance_pct": [0.001, 1],
            "long_unstuck_threshold": [0.4, 0.95],
            "short_close_grid_markup_range": [0, 0.03],
            "short_close_grid_min_markup": [0.001, 0.03],
            "short_close_grid_qty_pct": [0.05, 1],
            "short_close_trailing_grid_ratio": [-1, 0],
            "short_close_trailing_qty_pct": [0.05, 1],
            "short_close_trailing_retracement_pct": [0.05, 0.1],
            "short_close_trailing_threshold_pct": [0.01, 0.02],
            "short_ema_span_0": [200, 1440],
            "short_ema_span_1": [200, 1440],
            "short_entry_grid_double_down_factor": [0.1, 3],
            "short_entry_grid_spacing_pct": [0.001, 0.06],
            "short_entry_grid_spacing_weight": [0, 10],
            "short_entry_initial_ema_dist": [-0.1, 0.003],
            "short_entry_initial_qty_pct": [0.004, 0.25],
            "short_entry_trailing_grid_ratio": [0, 1],
            "short_entry_trailing_retracement_pct": [0.05, 0.1],
            "short_entry_trailing_threshold_pct": [0.01, 0.1],
            "short_filter_relative_volume_clip_pct": [0, 1],
            "short_filter_rolling_window": [10, 360],
            "short_n_positions": [1, 1],
            "short_total_wallet_exposure_limit": [0.025, 0.075],
            "short_unstuck_close_pct": [0.001, 1],
            "short_unstuck_ema_dist": [-0.1, 0.01],
            "short_unstuck_loss_allowance_pct": [0.001, 1],
            "short_unstuck_threshold": [0.4, 0.95]
        },
        "compress_results_file": true,
        "crossover_probability": 0.7,
        "iters": 300000,
        "limits": {
            "lower_bound_drawdown_worst": 0.333,
            "lower_bound_drawdown_worst_mean_1pct": 0.2,
            "lower_bound_equity_balance_diff_neg_max": 0.4,
            "lower_bound_equity_balance_diff_neg_mean": 0.01,
            "lower_bound_equity_balance_diff_pos_max": 0.5,
            "lower_bound_equity_balance_diff_pos_mean": 0.02,
            "lower_bound_loss_profit_ratio": 0.5
        },
        "mutation_probability": 0.2,
        "n_cpus": 10,
        "population_size": 500,
        "scoring": ["mdg", "sterling_ratio"]
    }
}
