{
    "backtest": {
        "base_dir": "backtests",
        "combine_ohlcvs": true,
        "compress_cache": true,
        "end_date": "now",
        "exchanges": ["bybit"],
        "gap_tolerance_ohlcvs_minutes": 120.0,
        "start_date": "2025-01-27",
        "starting_balance": 10000
    },
    "bot": {
        "long": {
            "close_grid_markup_range": 0.035355005553915374,
            "close_grid_min_markup": 0.0017194664352622653,
            "close_grid_qty_pct": 0.5209243477635209,
            "close_trailing_grid_ratio": -0.46173660320192766,
            "close_trailing_qty_pct": 0.5703563100236423,
            "close_trailing_retracement_pct": 0.016847728042933288,
            "close_trailing_threshold_pct": 0.04051362276584099,
            "ema_span_0": 370.6902751048685,
            "ema_span_1": 603.667963104908,
            "enforce_exposure_limit": 1,
            "entry_grid_double_down_factor": 2.222316147769634,
            "entry_grid_spacing_pct": 0.018565950365686618,
            "entry_grid_spacing_weight": 3.932861490628417,
            "entry_initial_ema_dist": -0.009986045339989723,
            "entry_initial_qty_pct": 0.04392517507387569,
            "entry_trailing_grid_ratio": -0.9429114117420218,
            "entry_trailing_retracement_pct": 0.016398915367865318,
            "entry_trailing_threshold_pct": 0.022320403803377013,
            "filter_relative_volume_clip_pct": 0.8234397007761187,
            "filter_rolling_window": 85.23038200690888,
            "n_positions": 2.359155345649425,
            "total_wallet_exposure_limit": 0.050529082346880756,
            "unstuck_close_pct": 0.001118417276882568,
            "unstuck_ema_dist": -0.09760882145013007,
            "unstuck_loss_allowance_pct": 0.009237693293663534,
            "unstuck_threshold": 0.6083866210028241
        },
        "short": {
            "close_grid_markup_range": 0.007576193569619367,
            "close_grid_min_markup": 0.0029749736667460266,
            "close_grid_qty_pct": 0.5305280871701574,
            "close_trailing_grid_ratio": -0.3098841209659745,
            "close_trailing_qty_pct": 0.5104557399064694,
            "close_trailing_retracement_pct": 0.02317155650521394,
            "close_trailing_threshold_pct": 0.04910763800538383,
            "ema_span_0": 1031.1122086711025,
            "ema_span_1": 717.6204062265252,
            "enforce_exposure_limit": 1,
            "entry_grid_double_down_factor": 2.8884370413064833,
            "entry_grid_spacing_pct": 0.0019476586906020494,
            "entry_grid_spacing_weight": 3.644432290681764,
            "entry_initial_ema_dist": -0.019180628704874154,
            "entry_initial_qty_pct": 0.02748303585541321,
            "entry_trailing_grid_ratio": -0.8809927878949934,
            "entry_trailing_retracement_pct": 0.010161385405957665,
            "entry_trailing_threshold_pct": 0.026261080971361137,
            "filter_relative_volume_clip_pct": 0.5628848226698285,
            "filter_rolling_window": 47.21612660513679,
            "n_positions": 1.5654635560931545,
            "total_wallet_exposure_limit": 0.4175923523601461,
            "unstuck_close_pct": 0.07167601019945308,
            "unstuck_ema_dist": -0.030371160050464655,
            "unstuck_loss_allowance_pct": 0.001044087408682116,
            "unstuck_threshold": 0.6375366027171737
        }
    },
    "live": {
        "approved_coins": ["FARTCOIN", "OP"],
        "auto_gs": true,
        "coin_flags": {},
        "empty_means_all_approved": true,
        "execution_delay_seconds": 2.0,
        "filter_by_min_effective_cost": true,
        "forced_mode_long": "",
        "forced_mode_short": "",
        "ignored_coins": { "long": [], "short": [] },
        "leverage": 10.0,
        "market_orders_allowed": true,
        "max_n_cancellations_per_batch": 5,
        "max_n_creations_per_batch": 3,
        "max_n_restarts_per_day": 10,
        "minimum_coin_age_days": 30.0,
        "ohlcvs_1m_rolling_window_days": 4.0,
        "ohlcvs_1m_update_after_minutes": 10.0,
        "pnls_max_lookback_days": 30.0,
        "price_distance_threshold": 0.002,
        "time_in_force": "good_till_cancelled",
        "user": "bybit_passivbot"
    },
    "optimize": {
        "bounds": {
            "long_close_grid_markup_range": [0.005, 0.05],
            "long_close_grid_min_markup": [0.001, 0.005],
            "long_close_grid_qty_pct": [0.5, 0.75],
            "long_close_trailing_grid_ratio": [-0.5, -0.25],
            "long_close_trailing_qty_pct": [0.5, 0.75],
            "long_close_trailing_retracement_pct": [0.015, 0.025],
            "long_close_trailing_threshold_pct": [0.025, 0.05],
            "long_ema_span_0": [200, 1440],
            "long_ema_span_1": [200, 1440],
            "long_entry_grid_double_down_factor": [2.0, 3.0],
            "long_entry_grid_spacing_pct": [0.001, 0.02],
            "long_entry_grid_spacing_weight": [0, 5],
            "long_entry_initial_ema_dist": [-0.1, 0.003],
            "long_entry_initial_qty_pct": [0.025, 0.05],
            "long_entry_trailing_grid_ratio": [-0.95, -0.75],
            "long_entry_trailing_retracement_pct": [0.01, 0.02],
            "long_entry_trailing_threshold_pct": [0.02, 0.04],
            "long_filter_relative_volume_clip_pct": [0, 1],
            "long_filter_rolling_window": [10, 360],
            "long_n_positions": [1.5, 2.4],
            "long_total_wallet_exposure_limit": [0.05, 0.5],
            "long_unstuck_close_pct": [0.001, 0.1],
            "long_unstuck_ema_dist": [-0.1, 0.01],
            "long_unstuck_loss_allowance_pct": [0.001, 0.05],
            "long_unstuck_threshold": [0.4, 0.95],
            "short_close_grid_markup_range": [0.005, 0.05],
            "short_close_grid_min_markup": [0.001, 0.005],
            "short_close_grid_qty_pct": [0.5, 0.75],
            "short_close_trailing_grid_ratio": [-0.5, -0.25],
            "short_close_trailing_qty_pct": [0.5, 0.75],
            "short_close_trailing_retracement_pct": [0.015, 0.025],
            "short_close_trailing_threshold_pct": [0.025, 0.05],
            "short_ema_span_0": [200, 1440],
            "short_ema_span_1": [200, 1440],
            "short_entry_grid_double_down_factor": [2.0, 3.0],
            "short_entry_grid_spacing_pct": [0.001, 0.02],
            "short_entry_grid_spacing_weight": [0, 5],
            "short_entry_initial_ema_dist": [-0.1, 0.003],
            "short_entry_initial_qty_pct": [0.025, 0.05],
            "short_entry_trailing_grid_ratio": [-0.95, -0.75],
            "short_entry_trailing_retracement_pct": [0.01, 0.02],
            "short_entry_trailing_threshold_pct": [0.02, 0.04],
            "short_filter_relative_volume_clip_pct": [0, 1],
            "short_filter_rolling_window": [10, 360],
            "short_n_positions": [1.5, 2.4],
            "short_total_wallet_exposure_limit": [0.05, 0.5],
            "short_unstuck_close_pct": [0.001, 0.1],
            "short_unstuck_ema_dist": [-0.1, 0.01],
            "short_unstuck_loss_allowance_pct": [0.001, 0.05],
            "short_unstuck_threshold": [0.4, 0.95]
        },
        "compress_results_file": true,
        "crossover_probability": 0.7,
        "iters": 300000,
        "limits": {
            "lower_bound_drawdown_worst": 0.333,
            "lower_bound_drawdown_worst_mean_1pct": 0.2,
            "lower_bound_equity_balance_diff_neg_max": 0.4,
            "lower_bound_equity_balance_diff_neg_mean": 0.01,
            "lower_bound_equity_balance_diff_pos_max": 0.5,
            "lower_bound_equity_balance_diff_pos_mean": 0.02,
            "lower_bound_loss_profit_ratio": 0.5
        },
        "mutation_probability": 0.2,
        "n_cpus": 10,
        "population_size": 500,
        "scoring": ["mdg", "sterling_ratio"]
    }
}
