{
    "backtest": {
        "base_dir": "backtests",
        "combine_ohlcvs": true,
        "compress_cache": true,
        "end_date": "now",
        "exchanges": ["bybit"],
        "gap_tolerance_ohlcvs_minutes": 120.0,
        "start_date": "2025-02-01",
        "starting_balance": 500
    },
    "bot": {
        "long": {
            "close_grid_markup_range": 0.01577716139775715,
            "close_grid_min_markup": 0.018286931529226218,
            "close_grid_qty_pct": 0.7798215881594546,
            "close_trailing_grid_ratio": 0.018279009620792104,
            "close_trailing_qty_pct": 0.7130801635143096,
            "close_trailing_retracement_pct": 0.05078377766395629,
            "close_trailing_threshold_pct": 0.014207772976957227,
            "ema_span_0": 205.18241145181213,
            "ema_span_1": 1116.9771381685875,
            "enforce_exposure_limit": 1,
            "entry_grid_double_down_factor": 2.787254197258621,
            "entry_grid_spacing_pct": 0.0025598695194472055,
            "entry_grid_spacing_weight": 0.891273493278681,
            "entry_initial_ema_dist": -0.0008758240821898586,
            "entry_initial_qty_pct": 0.14548465352317705,
            "entry_trailing_grid_ratio": -0.9586021678436015,
            "entry_trailing_retracement_pct": 0.06775549294537107,
            "entry_trailing_threshold_pct": 0.049479745802474995,
            "filter_relative_volume_clip_pct": 0.9312574854098252,
            "filter_rolling_window": 66.62782291452133,
            "n_positions": 3.022794869697954,
            "total_wallet_exposure_limit": 0.14469941298369496,
            "unstuck_close_pct": 0.2469323965396181,
            "unstuck_ema_dist": -0.04282916677698877,
            "unstuck_loss_allowance_pct": 0.5752322235441092,
            "unstuck_threshold": 0.8816713435404491
        },
        "short": {
            "close_grid_markup_range": 0.011388713828928119,
            "close_grid_min_markup": 0.0059898283061457416,
            "close_grid_qty_pct": 0.11780142688643873,
            "close_trailing_grid_ratio": -0.6582921293781594,
            "close_trailing_qty_pct": 0.14472986363365933,
            "close_trailing_retracement_pct": 0.08209003063515817,
            "close_trailing_threshold_pct": 0.018677853467720648,
            "ema_span_0": 1067.049217672724,
            "ema_span_1": 534.2973667981175,
            "enforce_exposure_limit": 1,
            "entry_grid_double_down_factor": 1.8778103310487353,
            "entry_grid_spacing_pct": 0.03094634596566425,
            "entry_grid_spacing_weight": 0.65707684410412,
            "entry_initial_ema_dist": -0.06430840174223702,
            "entry_initial_qty_pct": 0.04390148127338874,
            "entry_trailing_grid_ratio": 0.25981791981153035,
            "entry_trailing_retracement_pct": 0.05704886843215543,
            "entry_trailing_threshold_pct": 0.09220997943490046,
            "filter_relative_volume_clip_pct": 0.7487919931932765,
            "filter_rolling_window": 246.7986633193351,
            "n_positions": 4.6876951475829545,
            "total_wallet_exposure_limit": 0.14887877107724992,
            "unstuck_close_pct": 0.5879017981125733,
            "unstuck_ema_dist": -0.010568791227890804,
            "unstuck_loss_allowance_pct": 0.4475263018748985,
            "unstuck_threshold": 0.45903557028688
        }
    },
    "live": {
        "approved_coins": ["FARTCOIN", "BONK", "SHIB", "KDA", "EGLD", "OP", "HYPE", "LINK"],
        "auto_gs": true,
        "coin_flags": {},
        "empty_means_all_approved": true,
        "execution_delay_seconds": 2.0,
        "filter_by_min_effective_cost": true,
        "forced_mode_long": "",
        "forced_mode_short": "",
        "ignored_coins": { "long": [], "short": [] },
        "leverage": 10.0,
        "market_orders_allowed": true,
        "max_n_cancellations_per_batch": 5,
        "max_n_creations_per_batch": 3,
        "max_n_restarts_per_day": 10,
        "minimum_coin_age_days": 30.0,
        "ohlcvs_1m_rolling_window_days": 4.0,
        "ohlcvs_1m_update_after_minutes": 10.0,
        "pnls_max_lookback_days": 30.0,
        "price_distance_threshold": 0.002,
        "time_in_force": "good_till_cancelled",
        "user": "bybit_passivbot"
    },
    "optimize": {
        "bounds": {
            "long_close_grid_markup_range": [0, 0.03],
            "long_close_grid_min_markup": [0.001, 0.03],
            "long_close_grid_qty_pct": [0.05, 1],
            "long_close_trailing_grid_ratio": [0, 1],
            "long_close_trailing_qty_pct": [0.05, 1],
            "long_close_trailing_retracement_pct": [0.05, 0.1],
            "long_close_trailing_threshold_pct": [0.01, 0.02],
            "long_ema_span_0": [200, 1440],
            "long_ema_span_1": [200, 1440],
            "long_entry_grid_double_down_factor": [0.1, 3],
            "long_entry_grid_spacing_pct": [0.001, 0.06],
            "long_entry_grid_spacing_weight": [0, 10],
            "long_entry_initial_ema_dist": [-0.1, 0.003],
            "long_entry_initial_qty_pct": [0.004, 0.25],
            "long_entry_trailing_grid_ratio": [-1, 0],
            "long_entry_trailing_retracement_pct": [0.05, 0.1],
            "long_entry_trailing_threshold_pct": [0.01, 0.1],
            "long_filter_relative_volume_clip_pct": [0, 1],
            "long_filter_rolling_window": [10, 360],
            "long_n_positions": [2.4, 8.0],
            "long_total_wallet_exposure_limit": [0.05, 0.15],
            "long_unstuck_close_pct": [0.001, 1],
            "long_unstuck_ema_dist": [-0.1, 0.01],
            "long_unstuck_loss_allowance_pct": [0.001, 1],
            "long_unstuck_threshold": [0.4, 0.95],
            "short_close_grid_markup_range": [0, 0.03],
            "short_close_grid_min_markup": [0.001, 0.03],
            "short_close_grid_qty_pct": [0.05, 1],
            "short_close_trailing_grid_ratio": [-1, 0],
            "short_close_trailing_qty_pct": [0.05, 1],
            "short_close_trailing_retracement_pct": [0.05, 0.1],
            "short_close_trailing_threshold_pct": [0.01, 0.02],
            "short_ema_span_0": [200, 1440],
            "short_ema_span_1": [200, 1440],
            "short_entry_grid_double_down_factor": [0.1, 3],
            "short_entry_grid_spacing_pct": [0.001, 0.06],
            "short_entry_grid_spacing_weight": [0, 10],
            "short_entry_initial_ema_dist": [-0.1, 0.003],
            "short_entry_initial_qty_pct": [0.004, 0.25],
            "short_entry_trailing_grid_ratio": [0, 1],
            "short_entry_trailing_retracement_pct": [0.05, 0.1],
            "short_entry_trailing_threshold_pct": [0.01, 0.1],
            "short_filter_relative_volume_clip_pct": [0, 1],
            "short_filter_rolling_window": [10, 360],
            "short_n_positions": [3.4, 8.0],
            "short_total_wallet_exposure_limit": [0.05, 0.15],
            "short_unstuck_close_pct": [0.001, 1],
            "short_unstuck_ema_dist": [-0.1, 0.01],
            "short_unstuck_loss_allowance_pct": [0.001, 1],
            "short_unstuck_threshold": [0.4, 0.95]
        },
        "compress_results_file": true,
        "crossover_probability": 0.7,
        "iters": 300000,
        "limits": {
            "lower_bound_drawdown_worst": 0.333,
            "lower_bound_drawdown_worst_mean_1pct": 0.2,
            "lower_bound_equity_balance_diff_neg_max": 0.4,
            "lower_bound_equity_balance_diff_neg_mean": 0.01,
            "lower_bound_equity_balance_diff_pos_max": 0.5,
            "lower_bound_equity_balance_diff_pos_mean": 0.02,
            "lower_bound_loss_profit_ratio": 0.5
        },
        "mutation_probability": 0.2,
        "n_cpus": 10,
        "population_size": 500,
        "scoring": ["mdg", "sterling_ratio"]
    }
}
