{
    "backtest": {
        "base_dir": "backtests",
        "combine_ohlcvs": true,
        "compress_cache": true,
        "end_date": "now",
        "exchanges": ["bybit"],
        "gap_tolerance_ohlcvs_minutes": 120.0,
        "start_date": "2025-01-01",
        "starting_balance": 500
    },
    "bot": {
        "long": {
            "close_grid_markup_range": 0.027686373739099993,
            "close_grid_min_markup": 0.016986643178333555,
            "close_grid_qty_pct": 0.10065557773567597,
            "close_trailing_grid_ratio": -0.39525042539635874,
            "close_trailing_qty_pct": 0.9461325004397846,
            "close_trailing_retracement_pct": 0.07519503811356607,
            "close_trailing_threshold_pct": 0.001657009245684506,
            "ema_span_0": 1304.5052162300728,
            "ema_span_1": 1041.6665901283943,
            "enforce_exposure_limit": 1,
            "entry_grid_double_down_factor": 2.2895812308093237,
            "entry_grid_spacing_pct": 0.015190693449498062,
            "entry_grid_spacing_weight": 2.3713959315811315,
            "entry_initial_ema_dist": -0.09301202152947072,
            "entry_initial_qty_pct": 0.18723005073440485,
            "entry_trailing_grid_ratio": 0.2127686213492652,
            "entry_trailing_retracement_pct": 0.09252159983873197,
            "entry_trailing_threshold_pct": 0.06321949734870022,
            "filter_relative_volume_clip_pct": 0.7316465505874843,
            "filter_rolling_window": 172.95572073202308,
            "n_positions": 5.0,
            "total_wallet_exposure_limit": 0.2052231647979497,
            "unstuck_close_pct": 0.4299142034888686,
            "unstuck_ema_dist": 0.001543958197161767,
            "unstuck_loss_allowance_pct": 0.6630604288396121,
            "unstuck_threshold": 0.6100295733687664
        },
        "short": {
            "close_grid_markup_range": 0.021871542120869066,
            "close_grid_min_markup": 0.00152463063092396,
            "close_grid_qty_pct": 0.6894922199830075,
            "close_trailing_grid_ratio": -0.502475210401262,
            "close_trailing_qty_pct": 0.43334149316919646,
            "close_trailing_retracement_pct": 0.03535462994444413,
            "close_trailing_threshold_pct": 0.051530330492003645,
            "ema_span_0": 1158.5087479271235,
            "ema_span_1": 555.8979311229442,
            "enforce_exposure_limit": 1,
            "entry_grid_double_down_factor": 2.546862151446857,
            "entry_grid_spacing_pct": 0.027576839184280007,
            "entry_grid_spacing_weight": 8.35981414675432,
            "entry_initial_ema_dist": -0.08353831452839708,
            "entry_initial_qty_pct": 0.04352507614223287,
            "entry_trailing_grid_ratio": 0.5746292459352828,
            "entry_trailing_retracement_pct": 0.06599318384579551,
            "entry_trailing_threshold_pct": 0.05673629826254968,
            "filter_relative_volume_clip_pct": 0.29762604974774504,
            "filter_rolling_window": 59.677673372980976,
            "n_positions": 5.0,
            "total_wallet_exposure_limit": 0.23222635995704194,
            "unstuck_close_pct": 0.38375407911742765,
            "unstuck_ema_dist": -0.0005347587646177421,
            "unstuck_loss_allowance_pct": 0.9026881228893572,
            "unstuck_threshold": 0.9305487622842769
        }
    },
    "live": {
        "approved_coins": "configs/bybit/approved_coins.json",
        "auto_gs": true,
        "coin_flags": {},
        "empty_means_all_approved": true,
        "execution_delay_seconds": 2.0,
        "filter_by_min_effective_cost": true,
        "forced_mode_long": "",
        "forced_mode_short": "",
        "ignored_coins": { "long": [], "short": [] },
        "leverage": 10.0,
        "market_orders_allowed": true,
        "max_n_cancellations_per_batch": 5,
        "max_n_creations_per_batch": 3,
        "max_n_restarts_per_day": 10,
        "minimum_coin_age_days": 30.0,
        "ohlcvs_1m_rolling_window_days": 4.0,
        "ohlcvs_1m_update_after_minutes": 10.0,
        "pnls_max_lookback_days": 30.0,
        "price_distance_threshold": 0.002,
        "time_in_force": "good_till_cancelled",
        "user": "bybit_passivbot"
    },
    "optimize": {
        "bounds": {
            "long_close_grid_markup_range": [0, 0.03],
            "long_close_grid_min_markup": [0.001, 0.03],
            "long_close_grid_qty_pct": [0.05, 1.0],
            "long_close_trailing_grid_ratio": [-1, 1],
            "long_close_trailing_qty_pct": [0.05, 1.0],
            "long_close_trailing_retracement_pct": [0.0001, 0.1],
            "long_close_trailing_threshold_pct": [-0.01, 0.1],
            "long_ema_span_0": [200, 1440],
            "long_ema_span_1": [200, 1440],
            "long_entry_grid_double_down_factor": [0.1, 3],
            "long_entry_grid_spacing_pct": [0.001, 0.06],
            "long_entry_grid_spacing_weight": [0, 10],
            "long_entry_initial_ema_dist": [-0.1, 0.003],
            "long_entry_initial_qty_pct": [0.004, 0.25],
            "long_entry_trailing_grid_ratio": [-1, 1],
            "long_entry_trailing_retracement_pct": [0.0001, 0.1],
            "long_entry_trailing_threshold_pct": [-0.01, 0.1],
            "long_filter_relative_volume_clip_pct": [0, 1],
            "long_filter_rolling_window": [10, 360],
            "long_n_positions": [5, 5],
            "long_total_wallet_exposure_limit": [0.15, 0.25],
            "long_unstuck_close_pct": [0.001, 1],
            "long_unstuck_ema_dist": [-0.1, 0.01],
            "long_unstuck_loss_allowance_pct": [0.001, 1],
            "long_unstuck_threshold": [0.4, 0.95],
            "short_close_grid_markup_range": [0, 0.03],
            "short_close_grid_min_markup": [0.001, 0.03],
            "short_close_grid_qty_pct": [0.05, 1.0],
            "short_close_trailing_grid_ratio": [-1, 1],
            "short_close_trailing_qty_pct": [0.05, 1.0],
            "short_close_trailing_retracement_pct": [0.0001, 0.1],
            "short_close_trailing_threshold_pct": [-0.01, 0.1],
            "short_ema_span_0": [200, 1440],
            "short_ema_span_1": [200, 1440],
            "short_entry_grid_double_down_factor": [0.1, 3],
            "short_entry_grid_spacing_pct": [0.001, 0.06],
            "short_entry_grid_spacing_weight": [0, 10],
            "short_entry_initial_ema_dist": [-0.1, 0.003],
            "short_entry_initial_qty_pct": [0.004, 0.25],
            "short_entry_trailing_grid_ratio": [-1, 1],
            "short_entry_trailing_retracement_pct": [0.0001, 0.1],
            "short_entry_trailing_threshold_pct": [-0.01, 0.1],
            "short_filter_relative_volume_clip_pct": [0, 1],
            "short_filter_rolling_window": [10, 360],
            "short_n_positions": [5, 5],
            "short_total_wallet_exposure_limit": [0.15, 0.25],
            "short_unstuck_close_pct": [0.001, 1],
            "short_unstuck_ema_dist": [-0.1, 0.01],
            "short_unstuck_loss_allowance_pct": [0.001, 1],
            "short_unstuck_threshold": [0.4, 0.95]
        },
        "compress_results_file": true,
        "crossover_probability": 0.7,
        "iters": 300000,
        "limits": {
            "lower_bound_drawdown_worst": 0.333,
            "lower_bound_drawdown_worst_mean_1pct": 0.2,
            "lower_bound_equity_balance_diff_neg_max": 0.4,
            "lower_bound_equity_balance_diff_neg_mean": 0.01,
            "lower_bound_equity_balance_diff_pos_max": 0.5,
            "lower_bound_equity_balance_diff_pos_mean": 0.02,
            "lower_bound_loss_profit_ratio": 0.5
        },
        "mutation_probability": 0.2,
        "n_cpus": 10,
        "population_size": 500,
        "scoring": ["mdg", "sterling_ratio"]
    }
}
