{
    "backtest": {
        "base_dir": "backtests",
        "combine_ohlcvs": true,
        "compress_cache": true,
        "end_date": "now",
        "exchanges": ["bybit"],
        "gap_tolerance_ohlcvs_minutes": 120.0,
        "start_date": "2025-01-30",
        "starting_balance": 500
    },
    "bot": {
        "long": {
            "close_grid_markup_range": 0.015936390959397417,
            "close_grid_min_markup": 0.018907234720381833,
            "close_grid_qty_pct": 0.8156642201050568,
            "close_trailing_grid_ratio": -0.6087183171665365,
            "close_trailing_qty_pct": 0.6920353224071181,
            "close_trailing_retracement_pct": 0.050538276411555894,
            "close_trailing_threshold_pct": 0.013451614205197124,
            "ema_span_0": 1045.955504232968,
            "ema_span_1": 679.7725373589724,
            "enforce_exposure_limit": 1,
            "entry_grid_double_down_factor": 2.6921071884872614,
            "entry_grid_spacing_pct": 0.0027429725857479738,
            "entry_grid_spacing_weight": 0.8965077618304738,
            "entry_initial_ema_dist": -0.0008996530643386213,
            "entry_initial_qty_pct": 0.15916382007040217,
            "entry_trailing_grid_ratio": 0.9336272579808187,
            "entry_trailing_retracement_pct": 0.07136008491369727,
            "entry_trailing_threshold_pct": 0.052252890993215395,
            "filter_relative_volume_clip_pct": 0.27433789305737294,
            "filter_rolling_window": 47.51115771136764,
            "n_positions": 2.6910694206595234,
            "total_wallet_exposure_limit": 0.09379941153772935,
            "unstuck_close_pct": 0.2463399910837464,
            "unstuck_ema_dist": -0.04029767183180777,
            "unstuck_loss_allowance_pct": 0.564850780819615,
            "unstuck_threshold": 0.8531426516955689
        },
        "short": {
            "close_grid_markup_range": 0.010726041215887657,
            "close_grid_min_markup": 0.006542764956817571,
            "close_grid_qty_pct": 0.11767900989520748,
            "close_trailing_grid_ratio": 0.35672518390791563,
            "close_trailing_qty_pct": 0.14563138318979615,
            "close_trailing_retracement_pct": 0.07404460755992624,
            "close_trailing_threshold_pct": 0.020298410688858383,
            "ema_span_0": 1284.5712669681327,
            "ema_span_1": 905.7215836321029,
            "enforce_exposure_limit": 1,
            "entry_grid_double_down_factor": 1.7581163532533755,
            "entry_grid_spacing_pct": 0.02870523585437338,
            "entry_grid_spacing_weight": 0.5932509081417318,
            "entry_initial_ema_dist": -0.06,
            "entry_initial_qty_pct": 0.04191822639696738,
            "entry_trailing_grid_ratio": -0.2004948796309051,
            "entry_trailing_retracement_pct": 0.05181528002319875,
            "entry_trailing_threshold_pct": 0.10058876450343932,
            "filter_relative_volume_clip_pct": 0.010535751868386428,
            "filter_rolling_window": 43.29208176860133,
            "n_positions": 2.502173381632461,
            "total_wallet_exposure_limit": 0.1443370135731047,
            "unstuck_close_pct": 0.6000048302249519,
            "unstuck_ema_dist": -0.010654360553075615,
            "unstuck_loss_allowance_pct": 0.4408379342139259,
            "unstuck_threshold": 0.4618496991807486
        }
    },
    "live": {
        "approved_coins": ["FARTCOIN", "BONK", "SHIB", "KDA", "EGLD", "OP", "HYPE", "LINK"],
        "auto_gs": true,
        "coin_flags": {},
        "empty_means_all_approved": true,
        "execution_delay_seconds": 2.0,
        "filter_by_min_effective_cost": true,
        "forced_mode_long": "",
        "forced_mode_short": "",
        "ignored_coins": { "long": [], "short": [] },
        "leverage": 10.0,
        "market_orders_allowed": true,
        "max_n_cancellations_per_batch": 5,
        "max_n_creations_per_batch": 3,
        "max_n_restarts_per_day": 10,
        "minimum_coin_age_days": 30.0,
        "ohlcvs_1m_rolling_window_days": 4.0,
        "ohlcvs_1m_update_after_minutes": 10.0,
        "pnls_max_lookback_days": 30.0,
        "price_distance_threshold": 0.002,
        "time_in_force": "good_till_cancelled",
        "user": "bybit_passivbot"
    },
    "optimize": {
        "bounds": {
            "long_close_grid_markup_range": [0.014199445257981435, 0.017354877537532867],
            "long_close_grid_min_markup": [0.016458238376303596, 0.02011562468214884],
            "long_close_grid_qty_pct": [0.7018394293435091, 0.8578037469754001],
            "long_close_trailing_grid_ratio": [-1, 0],
            "long_close_trailing_qty_pct": [0.6417721471628787, 0.7843881798657406],
            "long_close_trailing_retracement_pct": [0.04570539989756066, 0.05586215543035192],
            "long_close_trailing_threshold_pct": [0.012786995679261504, 0.01562855027465295],
            "long_ema_span_0": [200, 1440],
            "long_ema_span_1": [200, 1440],
            "long_entry_grid_double_down_factor": [2.508528777532759, 3.065979616984483],
            "long_entry_grid_spacing_pct": [0.002303882567502485, 0.002815856471391926],
            "long_entry_grid_spacing_weight": [0.8021461439508129, 0.9804008426065491],
            "long_entry_initial_ema_dist": [-0.0009634064904088445, -0.0007882416739708727],
            "long_entry_initial_qty_pct": [0.13093618817085936, 0.16003311887549476],
            "long_entry_trailing_grid_ratio": [0, 1],
            "long_entry_trailing_retracement_pct": [0.06097994365083396, 0.07453104223990818],
            "long_entry_trailing_threshold_pct": [0.0445317712222275, 0.05442772038272249],
            "long_filter_relative_volume_clip_pct": [0, 1],
            "long_filter_rolling_window": [10, 360],
            "long_n_positions": [2.4, 8],
            "long_total_wallet_exposure_limit": [0.05, 0.15],
            "long_unstuck_close_pct": [0.2222391568856563, 0.2716256361935799],
            "long_unstuck_ema_dist": [-0.04711208345468765, -0.03854625009928989],
            "long_unstuck_loss_allowance_pct": [0.5177080011896983, 0.6327564458985201],
            "long_unstuck_threshold": [0.7935042091864042, 0.969838477894494],
            "short_close_grid_markup_range": [0.010249842445035308, 0.01252758521282093],
            "short_close_grid_min_markup": [0.005390845475531167, 0.006588811136760316],
            "short_close_grid_qty_pct": [0.10602128419779486, 0.1295815695750826],
            "short_close_trailing_grid_ratio": [0, 1],
            "short_close_trailing_qty_pct": [0.1302568772702934, 0.15920285099602527],
            "short_close_trailing_retracement_pct": [0.07388102757164235, 0.090299033698674],
            "short_close_trailing_threshold_pct": [0.016810068120948582, 0.020545638814492714],
            "short_ema_span_0": [200, 1440],
            "short_ema_span_1": [200, 1440],
            "short_entry_grid_double_down_factor": [1.6900292979438618, 2.065591364153608],
            "short_entry_grid_spacing_pct": [0.02785171136809783, 0.03404198056323067],
            "short_entry_grid_spacing_weight": [0.591369159693708, 0.722784528514532],
            "short_entry_initial_ema_dist": [-0.07073924191656072, -0.05787756156791332],
            "short_entry_initial_qty_pct": [0.03951133314604987, 0.04829162940072761],
            "short_entry_trailing_grid_ratio": [-1, 0],
            "short_entry_trailing_retracement_pct": [0.05134398158893989, 0.06275375527537097],
            "short_entry_trailing_threshold_pct": [0.08298898149141042, 0.1014309773783905],
            "short_filter_relative_volume_clip_pct": [0, 1],
            "short_filter_rolling_window": [10, 360],
            "short_n_positions": [2.4, 8],
            "short_total_wallet_exposure_limit": [0.05, 0.15],
            "short_unstuck_close_pct": [0.5291116183013159, 0.6466921779238306],
            "short_unstuck_ema_dist": [-0.011625670350679884, -0.009511912105101723],