{
    "backtest": {
        "base_dir": "backtests",
        "combine_ohlcvs": true,
        "compress_cache": true,
        "end_date": "now",
        "exchanges": ["bybit"],
        "gap_tolerance_ohlcvs_minutes": 120.0,
        "start_date": "2025-02-04",
        "starting_balance": 460
    },
    "bot": {
        "long": {
            "close_grid_markup_range": 0.025069425609105404,
            "close_grid_min_markup": 0.02914845217804596,
            "close_grid_qty_pct": 0.8521121892827394,
            "close_trailing_grid_ratio": -0.7181510835786343,
            "close_trailing_qty_pct": 0.5865925245908454,
            "close_trailing_retracement_pct": 0.019735979008041686,
            "close_trailing_threshold_pct": 0.0910946930765594,
            "ema_span_0": 886.0811849385615,
            "ema_span_1": 230.95461216405195,
            "enforce_exposure_limit": 1,
            "entry_grid_double_down_factor": 1.8631675266328185,
            "entry_grid_spacing_pct": 0.024702052057808756,
            "entry_grid_spacing_weight": 9.240999168930003,
            "entry_initial_ema_dist": -0.092791112569821,
            "entry_initial_qty_pct": 0.06254076731428336,
            "entry_trailing_grid_ratio": -0.5554247085872103,
            "entry_trailing_retracement_pct": 0.01717832657136522,
            "entry_trailing_threshold_pct": 0.09086086792954758,
            "filter_relative_volume_clip_pct": 0.3838984451529243,
            "filter_rolling_window": 199.30926356495056,
            "n_positions": 4.111650408393903,
            "total_wallet_exposure_limit": 0.46923886369507495,
            "unstuck_close_pct": 0.2379581617956166,
            "unstuck_ema_dist": -0.022906743386885326,
            "unstuck_loss_allowance_pct": 0.4862630522755805,
            "unstuck_threshold": 0.537825805881084
        },
        "short": {
            "close_grid_markup_range": 0.0282214614784165,
            "close_grid_min_markup": 0.03912439355025942,
            "close_grid_qty_pct": 0.05688770126306028,
            "close_trailing_grid_ratio": -0.7402036232809702,
            "close_trailing_qty_pct": 0.5006243680987746,
            "close_trailing_retracement_pct": 0.07626606124770384,
            "close_trailing_threshold_pct": 0.050836247193602815,
            "ema_span_0": 1170.8528179775667,
            "ema_span_1": 1364.8903382871042,
            "enforce_exposure_limit": 1,
            "entry_grid_double_down_factor": 2.8357892828308673,
            "entry_grid_spacing_pct": 0.03673786094998635,
            "entry_grid_spacing_weight": 9.195153934045583,
            "entry_initial_ema_dist": -0.09380844230851541,
            "entry_initial_qty_pct": 0.1964659530041035,
            "entry_trailing_grid_ratio": -0.7459732816483798,
            "entry_trailing_retracement_pct": 0.026599827661346862,
            "entry_trailing_threshold_pct": 0.07131309555238517,
            "filter_relative_volume_clip_pct": 0.9077325549852809,
            "filter_rolling_window": 237.13563820320056,
            "n_positions": 3.703044362613295,
            "total_wallet_exposure_limit": 0.4867675183024123,
            "unstuck_close_pct": 0.0021728384180461522,
            "unstuck_ema_dist": -0.001940117173661669,
            "unstuck_loss_allowance_pct": 0.4711687577020832,
            "unstuck_threshold": 0.5656019543125366
        }
    },
    "live": {
        "approved_coins": ["FARTCOIN", "BONK", "OP", "HYPE"],
        "auto_gs": true,
        "coin_flags": {},
        "empty_means_all_approved": true,
        "execution_delay_seconds": 2.0,
        "filter_by_min_effective_cost": true,
        "forced_mode_long": "",
        "forced_mode_short": "",
        "ignored_coins": { "long": [], "short": [] },
        "leverage": 10.0,
        "market_orders_allowed": true,
        "max_n_cancellations_per_batch": 5,
        "max_n_creations_per_batch": 3,
        "max_n_restarts_per_day": 10,
        "minimum_coin_age_days": 30.0,
        "ohlcvs_1m_rolling_window_days": 4.0,
        "ohlcvs_1m_update_after_minutes": 10.0,
        "pnls_max_lookback_days": 30.0,
        "price_distance_threshold": 0.002,
        "time_in_force": "good_till_cancelled",
        "user": "bybit_passivbot"
    },
    "optimize": {
        "bounds": {
            "long_close_grid_markup_range": [0.01, 0.05],
            "long_close_grid_min_markup": [0.01, 0.05],
            "long_close_grid_qty_pct": [0.05, 1.0],
            "long_close_trailing_grid_ratio": [-0.75, -0.5],
            "long_close_trailing_qty_pct": [0.05, 1.0],
            "long_close_trailing_retracement_pct": [0.01, 0.05],
            "long_close_trailing_threshold_pct": [0.05, 0.1],
            "long_ema_span_0": [200, 1440],
            "long_ema_span_1": [200, 1440],
            "long_entry_grid_double_down_factor": [1.0, 3.0],
            "long_entry_grid_spacing_pct": [0.01, 0.05],
            "long_entry_grid_spacing_weight": [5, 10],
            "long_entry_initial_ema_dist": [-0.1, 0.003],
            "long_entry_initial_qty_pct": [0.05, 0.25],
            "long_entry_trailing_grid_ratio": [-0.75, -0.5],
            "long_entry_trailing_retracement_pct": [0.01, 0.1],
            "long_entry_trailing_threshold_pct": [0.05, 0.1],
            "long_filter_relative_volume_clip_pct": [0, 1],
            "long_filter_rolling_window": [10, 360],
            "long_n_positions": [3.5, 4.4],
            "long_total_wallet_exposure_limit": [0.05, 0.5],
            "long_unstuck_close_pct": [0.001, 0.5],
            "long_unstuck_ema_dist": [-0.1, 0.01],
            "long_unstuck_loss_allowance_pct": [0.001, 0.5],
            "long_unstuck_threshold": [0.4, 0.95],
            "short_close_grid_markup_range": [0.01, 0.05],
            "short_close_grid_min_markup": [0.01, 0.05],
            "short_close_grid_qty_pct": [0.05, 1.0],
            "short_close_trailing_grid_ratio": [-0.75, -0.5],
            "short_close_trailing_qty_pct": [0.05, 1.0],
            "short_close_trailing_retracement_pct": [0.01, 0.1],
            "short_close_trailing_threshold_pct": [0.05, 0.1],
            "short_ema_span_0": [200, 1440],
            "short_ema_span_1": [200, 1440],
            "short_entry_grid_double_down_factor": [1.0, 3.0],
            "short_entry_grid_spacing_pct": [0.01, 0.05],
            "short_entry_grid_spacing_weight": [5, 10],
            "short_entry_initial_ema_dist": [-0.1, 0.003],
            "short_entry_initial_qty_pct": [0.05, 0.25],
            "short_entry_trailing_grid_ratio": [-0.75, -0.5],
            "short_entry_trailing_retracement_pct": [0.01, 0.05],
            "short_entry_trailing_threshold_pct": [0.05, 0.1],
            "short_filter_relative_volume_clip_pct": [0, 1],
            "short_filter_rolling_window": [10, 360],
            "short_n_positions": [3.5, 4.4],
            "short_total_wallet_exposure_limit": [0.05, 0.5],
            "short_unstuck_close_pct": [0.001, 0.5],
            "short_unstuck_ema_dist": [-0.1, 0.01],
            "short_unstuck_loss_allowance_pct": [0.001, 0.5],
            "short_unstuck_threshold": [0.4, 0.95]
        },
        "compress_results_file": true,
        "crossover_probability": 0.7,
        "iters": 300000,
        "limits": {
            "lower_bound_drawdown_worst": 0.333,
            "lower_bound_drawdown_worst_mean_1pct": 0.2,
            "lower_bound_equity_balance_diff_neg_max": 0.4,
            "lower_bound_equity_balance_diff_neg_mean": 0.01,
            "lower_bound_equity_balance_diff_pos_max": 0.5,
            "lower_bound_equity_balance_diff_pos_mean": 0.02,
            "lower_bound_loss_profit_ratio": 0.5
        },
        "mutation_probability": 0.2,
        "n_cpus": 10,
        "population_size": 500,
        "scoring": ["mdg", "sterling_ratio"]
    }
}
