{
    "backtest": {
        "base_dir": "backtests",
        "combine_ohlcvs": true,
        "compress_cache": true,
        "end_date": "now",
        "exchanges": ["bybit"],
        "gap_tolerance_ohlcvs_minutes": 120.0,
        "start_date": "2025-02-02",
        "starting_balance": 460
    },
    "bot": {
        "long": {
            "close_grid_markup_range": 0.02079744130014977,
            "close_grid_min_markup": 0.023016233146258943,
            "close_grid_qty_pct": 0.05920838234789258,
            "close_trailing_grid_ratio": -0.28586802957167584,
            "close_trailing_qty_pct": 0.6838997222566835,
            "close_trailing_retracement_pct": 0.09926668415482064,
            "close_trailing_threshold_pct": 0.021211734925124615,
            "ema_span_0": 1374.508540552368,
            "ema_span_1": 1355.6664411381244,
            "enforce_exposure_limit": 1,
            "entry_grid_double_down_factor": 1.7080517332496226,
            "entry_grid_spacing_pct": 0.019079685701702903,
            "entry_grid_spacing_weight": 5.4107532117637955,
            "entry_initial_ema_dist": -0.01926981587721697,
            "entry_initial_qty_pct": 0.05725727050823265,
            "entry_trailing_grid_ratio": 0.29168664476628847,
            "entry_trailing_retracement_pct": 0.05910443312823513,
            "entry_trailing_threshold_pct": 0.08916787271770188,
            "filter_relative_volume_clip_pct": 0.5170983164396082,
            "filter_rolling_window": 220.27803873788045,
            "n_positions": 3.8930605209807085,
            "total_wallet_exposure_limit": 0.4252817596669968,
            "unstuck_close_pct": 0.4612012797447431,
            "unstuck_ema_dist": -0.07033828623325562,
            "unstuck_loss_allowance_pct": 0.4909890314416083,
            "unstuck_threshold": 0.8025520609375255
        },
        "short": {
            "close_grid_markup_range": 0.024876201302637818,
            "close_grid_min_markup": 0.032509741078683985,
            "close_grid_qty_pct": 0.6277821946985247,
            "close_trailing_grid_ratio": 0.9068819327498724,
            "close_trailing_qty_pct": 0.801622048042154,
            "close_trailing_retracement_pct": 0.06115807017841345,
            "close_trailing_threshold_pct": 0.013991170186972896,
            "ema_span_0": 793.3169322159133,
            "ema_span_1": 900.9847119413523,
            "enforce_exposure_limit": 1,
            "entry_grid_double_down_factor": 2.133893466777421,
            "entry_grid_spacing_pct": 0.046060107694446406,
            "entry_grid_spacing_weight": 8.049312848491041,
            "entry_initial_ema_dist": -0.04707859525494402,
            "entry_initial_qty_pct": 0.23463503904124625,
            "entry_trailing_grid_ratio": 0.003838981992671762,
            "entry_trailing_retracement_pct": 0.05389512941857622,
            "entry_trailing_threshold_pct": 0.05765726716445249,
            "filter_relative_volume_clip_pct": 0.2749294013174095,
            "filter_rolling_window": 20.85981532522234,
            "n_positions": 3.4885356867178006,
            "total_wallet_exposure_limit": 0.44960397643056216,
            "unstuck_close_pct": 0.05484664705501441,
            "unstuck_ema_dist": -0.013434783993691704,
            "unstuck_loss_allowance_pct": 0.32547934795375466,
            "unstuck_threshold": 0.9170674899963821
        }
    },
    "live": {
        "approved_coins": ["FARTCOIN", "BONK", "SHIB", "KDA", "EGLD", "OP", "HYPE", "LINK"],
        "auto_gs": true,
        "coin_flags": {},
        "empty_means_all_approved": true,
        "execution_delay_seconds": 2.0,
        "filter_by_min_effective_cost": true,
        "forced_mode_long": "",
        "forced_mode_short": "",
        "ignored_coins": { "long": [], "short": [] },
        "leverage": 10.0,
        "market_orders_allowed": true,
        "max_n_cancellations_per_batch": 5,
        "max_n_creations_per_batch": 3,
        "max_n_restarts_per_day": 10,
        "minimum_coin_age_days": 30.0,
        "ohlcvs_1m_rolling_window_days": 4.0,
        "ohlcvs_1m_update_after_minutes": 10.0,
        "pnls_max_lookback_days": 30.0,
        "price_distance_threshold": 0.002,
        "time_in_force": "good_till_cancelled",
        "user": "bybit_passivbot"
    },
    "optimize": {
        "bounds": {
            "long_close_grid_markup_range": [0.012846782217125927, 0.021411303695209878],
            "long_close_grid_min_markup": [0.021357328492914873, 0.035595547488191455],
            "long_close_grid_qty_pct": [0.04417098071538604, 0.07361830119231006],
            "long_close_trailing_grid_ratio": [-1, 0],
            "long_close_trailing_qty_pct": [0.5712147087144346, 0.9520245145230576],
            "long_close_trailing_retracement_pct": [0.06281782102093627, 0.10469636836822711],
            "long_close_trailing_threshold_pct": [0.013473479173069, 0.02245579862178164],
            "long_ema_span_0": [200, 1440],
            "long_ema_span_1": [200, 1440],
            "long_entry_grid_double_down_factor": [1.2436671394961498, 2.0727785658269165],
            "long_entry_grid_spacing_pct": [0.011935441069524203, 0.01989240178254034],
            "long_entry_grid_spacing_weight": [4.693905769623276, 7.823176282705461],
            "long_entry_initial_ema_dist": [-0.0240292936477889, -0.01441757618867334],
            "long_entry_initial_qty_pct": [0.03857823533033837, 0.06429705888389729],
            "long_entry_trailing_grid_ratio": [0, 1],
            "long_entry_trailing_retracement_pct": [0.04837119681816491, 0.08061866136360819],
            "long_entry_trailing_threshold_pct": [0.05376202276184092, 0.08960337126973486],
            "long_filter_relative_volume_clip_pct": [0, 1],
            "long_filter_rolling_window": [10, 360],
            "long_n_positions": [3.4, 8.0],
            "long_total_wallet_exposure_limit": [0.05, 0.5],
            "long_unstuck_close_pct": [0.001, 1],
            "long_unstuck_ema_dist": [-0.1, 0.01],
            "long_unstuck_loss_allowance_pct": [0.001, 1],
            "long_unstuck_threshold": [0.4, 0.95],
            "short_close_grid_markup_range": [0.01620738451710582, 0.0270123075285097],
            "short_close_grid_min_markup": [0.021299685783807573, 0.035499476306345956],
            "short_close_grid_qty_pct": [0.5752327030943059, 0.9587211718238432],
            "short_close_trailing_grid_ratio": [0, 1],
            "short_close_trailing_qty_pct": [0.5362469860871537, 0.8937449768119227],
            "short_close_trailing_retracement_pct": [0.03913425650191511, 0.06522376083652518],
            "short_close_trailing_threshold_pct": [0.013484998114608405, 0.022474996857680675],
            "short_ema_span_0": [200, 1440],
            "short_ema_span_1": [200, 1440],
            "short_entry_grid_double_down_factor": [1.6239460362517118, 2.706576727086186],
            "short_entry_grid_spacing_pct": [0.0392907905442834, 0.06548465090713899],
            "short_entry_grid_spacing_weight": [5.448398478749906, 9.080664131249844],
            "short_entry_initial_ema_dist": [-0.05116392320729025, -0.03069835392437415],
            "short_entry_initial_qty_pct": [0.18702424017444728, 0.3117070669574121],
            "short_entry_trailing_grid_ratio": [0.00294479919903804, 0.0049079986650634],
            "short_entry_trailing_retracement_pct": [0.04838585774812784, 0.08064309624687974],
            "short_entry_trailing_threshold_pct": [0.0488173413318581, 0.08136223555309684],
            "short_filter_relative_volume_clip_pct": [0, 1],
            "short_filter_rolling_window": [10, 360],
            "short_n_positions": [3.4, 8.0],
            "short_total_wallet_exposure_limit": [0.05, 0.5],
            "short_unstuck_close_pct": [0.001, 1],
            "short_unstuck_ema_dist": [-0.1, 0.01],
            "short_unstuck_loss_allowance_pct": [0.001, 1],
            "short_unstuck_threshold": [0.4, 0.95]
        },