{
    "backtest": {
        "base_dir": "backtests",
        "combine_ohlcvs": true,
        "compress_cache": true,
        "end_date": "now",
        "exchanges": ["bybit"],
        "gap_tolerance_ohlcvs_minutes": 120.0,
        "start_date": "2025-01-27",
        "starting_balance": 10000
    },
    "bot": {
        "long": {
            "close_grid_markup_range": 0.04661872788686153,
            "close_grid_min_markup": 0.04209856601596751,
            "close_grid_qty_pct": 0.7560293831175354,
            "close_trailing_grid_ratio": -0.6484297400108587,
            "close_trailing_qty_pct": 0.9652483673149824,
            "close_trailing_retracement_pct": 0.03877461825379417,
            "close_trailing_threshold_pct": 0.06333635938514497,
            "ema_span_0": 883.2090589460846,
            "ema_span_1": 442.8532016388316,
            "enforce_exposure_limit": 1,
            "entry_grid_double_down_factor": 2.9404232541370017,
            "entry_grid_spacing_pct": 0.031496880044382364,
            "entry_grid_spacing_weight": 5.278688167207949,
            "entry_initial_ema_dist": -0.04397482308581135,
            "entry_initial_qty_pct": 0.1738127564593971,
            "entry_trailing_grid_ratio": -0.6205376596015426,
            "entry_trailing_retracement_pct": 0.050098226152433166,
            "entry_trailing_threshold_pct": 0.07563966498947548,
            "filter_relative_volume_clip_pct": 0.8696389336726877,
            "filter_rolling_window": 229.0452998705505,
            "n_positions": 1.588374570070625,
            "total_wallet_exposure_limit": 0.14634014654185404,
            "unstuck_close_pct": 0.27012898835874916,
            "unstuck_ema_dist": -0.09065483996793494,
            "unstuck_loss_allowance_pct": 0.20011512568458942,
            "unstuck_threshold": 0.43997787014748907
        },
        "short": {
            "close_grid_markup_range": 0.046316214033428844,
            "close_grid_min_markup": 0.028354522186422475,
            "close_grid_qty_pct": 0.8432038019836595,
            "close_trailing_grid_ratio": -0.665028129799687,
            "close_trailing_qty_pct": 0.26398830576575794,
            "close_trailing_retracement_pct": 0.04950279570987843,
            "close_trailing_threshold_pct": 0.08551567452272962,
            "ema_span_0": 1375.0617992735592,
            "ema_span_1": 792.2128281948665,
            "enforce_exposure_limit": 1,
            "entry_grid_double_down_factor": 2.8879762299832366,
            "entry_grid_spacing_pct": 0.04772179014853012,
            "entry_grid_spacing_weight": 9.543538279012742,
            "entry_initial_ema_dist": -0.09279740834151097,
            "entry_initial_qty_pct": 0.1702156514249041,
            "entry_trailing_grid_ratio": -0.6882093106767726,
            "entry_trailing_retracement_pct": 0.04873101068056594,
            "entry_trailing_threshold_pct": 0.08432846809514585,
            "filter_relative_volume_clip_pct": 0.14180156730059876,
            "filter_rolling_window": 35.173817123469036,
            "n_positions": 1.5004320569338065,
            "total_wallet_exposure_limit": 0.49485048862642844,
            "unstuck_close_pct": 0.25661455368049985,
            "unstuck_ema_dist": -0.028042756020621683,
            "unstuck_loss_allowance_pct": 0.1411263642634121,
            "unstuck_threshold": 0.49722097608324933
        }
    },
    "live": {
        "approved_coins": ["FARTCOIN", "OP"],
        "auto_gs": true,
        "coin_flags": {},
        "empty_means_all_approved": true,
        "execution_delay_seconds": 2.0,
        "filter_by_min_effective_cost": true,
        "forced_mode_long": "",
        "forced_mode_short": "",
        "ignored_coins": { "long": [], "short": [] },
        "leverage": 10.0,
        "market_orders_allowed": true,
        "max_n_cancellations_per_batch": 5,
        "max_n_creations_per_batch": 3,
        "max_n_restarts_per_day": 10,
        "minimum_coin_age_days": 30.0,
        "ohlcvs_1m_rolling_window_days": 4.0,
        "ohlcvs_1m_update_after_minutes": 10.0,
        "pnls_max_lookback_days": 30.0,
        "price_distance_threshold": 0.002,
        "time_in_force": "good_till_cancelled",
        "user": "bybit_passivbot"
    },
    "optimize": {
        "bounds": {
            "long_close_grid_markup_range": [0.01, 0.05],
            "long_close_grid_min_markup": [0.01, 0.05],
            "long_close_grid_qty_pct": [0.05, 1.0],
            "long_close_trailing_grid_ratio": [-0.75, -0.5],
            "long_close_trailing_qty_pct": [0.05, 1.0],
            "long_close_trailing_retracement_pct": [0.01, 0.05],
            "long_close_trailing_threshold_pct": [0.05, 0.1],
            "long_ema_span_0": [200, 1440],
            "long_ema_span_1": [200, 1440],
            "long_entry_grid_double_down_factor": [1.0, 3.0],
            "long_entry_grid_spacing_pct": [0.01, 0.05],
            "long_entry_grid_spacing_weight": [5, 10],
            "long_entry_initial_ema_dist": [-0.1, 0.003],
            "long_entry_initial_qty_pct": [0.05, 0.25],
            "long_entry_trailing_grid_ratio": [-0.75, -0.5],
            "long_entry_trailing_retracement_pct": [0.01, 0.1],
            "long_entry_trailing_threshold_pct": [0.05, 0.1],
            "long_filter_relative_volume_clip_pct": [0, 1],
            "long_filter_rolling_window": [10, 360],
            "long_n_positions": [1.5, 2.4],
            "long_total_wallet_exposure_limit": [0.05, 0.5],
            "long_unstuck_close_pct": [0.001, 0.5],
            "long_unstuck_ema_dist": [-0.1, 0.01],
            "long_unstuck_loss_allowance_pct": [0.001, 0.5],
            "long_unstuck_threshold": [0.4, 0.95],
            "short_close_grid_markup_range": [0.01, 0.05],
            "short_close_grid_min_markup": [0.01, 0.05],
            "short_close_grid_qty_pct": [0.05, 1.0],
            "short_close_trailing_grid_ratio": [-0.75, -0.5],
            "short_close_trailing_qty_pct": [0.05, 1.0],
            "short_close_trailing_retracement_pct": [0.01, 0.1],
            "short_close_trailing_threshold_pct": [0.05, 0.1],
            "short_ema_span_0": [200, 1440],
            "short_ema_span_1": [200, 1440],
            "short_entry_grid_double_down_factor": [1.0, 3.0],
            "short_entry_grid_spacing_pct": [0.01, 0.05],
            "short_entry_grid_spacing_weight": [5, 10],
            "short_entry_initial_ema_dist": [-0.1, 0.003],
            "short_entry_initial_qty_pct": [0.05, 0.25],
            "short_entry_trailing_grid_ratio": [-0.75, -0.5],
            "short_entry_trailing_retracement_pct": [0.01, 0.05],
            "short_entry_trailing_threshold_pct": [0.05, 0.1],
            "short_filter_relative_volume_clip_pct": [0, 1],
            "short_filter_rolling_window": [10, 360],
            "short_n_positions": [1.5, 2.4],
            "short_total_wallet_exposure_limit": [0.05, 0.5],
            "short_unstuck_close_pct": [0.001, 0.5],
            "short_unstuck_ema_dist": [-0.1, 0.01],
            "short_unstuck_loss_allowance_pct": [0.001, 0.5],
            "short_unstuck_threshold": [0.4, 0.95]
        },
        "compress_results_file": true,
        "crossover_probability": 0.7,
        "iters": 300000,
        "limits": {
            "lower_bound_drawdown_worst": 0.333,
            "lower_bound_drawdown_worst_mean_1pct": 0.2,
            "lower_bound_equity_balance_diff_neg_max": 0.4,
            "lower_bound_equity_balance_diff_neg_mean": 0.01,
            "lower_bound_equity_balance_diff_pos_max": 0.5,
            "lower_bound_equity_balance_diff_pos_mean": 0.02,
            "lower_bound_loss_profit_ratio": 0.5
        },
        "mutation_probability": 0.2,
        "n_cpus": 10,
        "population_size": 500,
        "scoring": ["mdg", "sterling_ratio"]
    }
}
