{
    "backtest": {
        "base_dir": "backtests",
        "combine_ohlcvs": true,
        "compress_cache": true,
        "end_date": "now",
        "exchanges": ["bybit"],
        "gap_tolerance_ohlcvs_minutes": 120.0,
        "start_date": "2024-01-01",
        "starting_balance": 500
    },
    "bot": {
        "long": {
            "close_grid_markup_range": 0.013656979599424949,
            "close_grid_min_markup": 0.02645074462850891,
            "close_grid_qty_pct": 0.61179365149782,
            "close_trailing_grid_ratio": -0.9985237587153496,
            "close_trailing_qty_pct": 0.8128667001045541,
            "close_trailing_retracement_pct": 0.06969531646813837,
            "close_trailing_threshold_pct": 0.029511038114153603,
            "ema_span_0": 587.0116884983404,
            "ema_span_1": 1364.0130255572935,
            "enforce_exposure_limit": 1,
            "entry_grid_double_down_factor": 2.47029957030198,
            "entry_grid_spacing_pct": 0.027795900906440216,
            "entry_grid_spacing_weight": 6.938570868263178,
            "entry_initial_ema_dist": -0.031778250388420234,
            "entry_initial_qty_pct": 0.0457190118827781,
            "entry_trailing_grid_ratio": 0.7696433975262101,
            "entry_trailing_retracement_pct": 0.06732177726784314,
            "entry_trailing_threshold_pct": 0.02068289887127789,
            "filter_relative_volume_clip_pct": 0.05812038481505859,
            "filter_rolling_window": 41.77467357132401,
            "n_positions": 1.0,
            "total_wallet_exposure_limit": 0.05,
            "unstuck_close_pct": 0.19166914739485236,
            "unstuck_ema_dist": 0.0012608703853499124,
            "unstuck_loss_allowance_pct": 0.39948136128589445,
            "unstuck_threshold": 0.9446439122223832
        },
        "short": {
            "close_grid_markup_range": 0.013670404991526034,
            "close_grid_min_markup": 0.02316869148756073,
            "close_grid_qty_pct": 0.47111784252782596,
            "close_trailing_grid_ratio": -0.9561183769829183,
            "close_trailing_qty_pct": 0.759196334946258,
            "close_trailing_retracement_pct": 0.00021065396668148312,
            "close_trailing_threshold_pct": 0.046000857996998476,
            "ema_span_0": 241.19469815333213,
            "ema_span_1": 220.13549131416173,
            "enforce_exposure_limit": 1,
            "entry_grid_double_down_factor": 2.878342240491721,
            "entry_grid_spacing_pct": 0.04663690639965795,
            "entry_grid_spacing_weight": 1.6361594285669625,
            "entry_initial_ema_dist": -0.06828636075439448,
            "entry_initial_qty_pct": 0.2486728889800847,
            "entry_trailing_grid_ratio": 0.8786262860061689,
            "entry_trailing_retracement_pct": 0.05548770712480343,
            "entry_trailing_threshold_pct": 0.060474695950948495,
            "filter_relative_volume_clip_pct": 0.23301518370036498,
            "filter_rolling_window": 117.79722751057992,
            "n_positions": 1.0,
            "total_wallet_exposure_limit": 0.05,
            "unstuck_close_pct": 0.00324081803926353,
            "unstuck_ema_dist": 0.00959413794470899,
            "unstuck_loss_allowance_pct": 0.48164001247479693,
            "unstuck_threshold": 0.930696748865981
        }
    },
    "live": {
        "approved_coins": ["HYPE", "FARTCOIN"],
        "auto_gs": true,
        "coin_flags": {},
        "empty_means_all_approved": true,
        "execution_delay_seconds": 2.0,
        "filter_by_min_effective_cost": true,
        "forced_mode_long": "",
        "forced_mode_short": "",
        "ignored_coins": { "long": [], "short": [] },
        "leverage": 10.0,
        "market_orders_allowed": true,
        "max_n_cancellations_per_batch": 5,
        "max_n_creations_per_batch": 3,
        "max_n_restarts_per_day": 10,
        "minimum_coin_age_days": 30.0,
        "ohlcvs_1m_rolling_window_days": 4.0,
        "ohlcvs_1m_update_after_minutes": 10.0,
        "pnls_max_lookback_days": 30.0,
        "price_distance_threshold": 0.002,
        "time_in_force": "good_till_cancelled",
        "user": "bybit_passivbot"
    },
    "optimize": {
        "bounds": {
            "long_close_grid_markup_range": [0, 0.03],
            "long_close_grid_min_markup": [0.001, 0.03],
            "long_close_grid_qty_pct": [0.05, 1],
            "long_close_trailing_grid_ratio": [-1, 1],
            "long_close_trailing_qty_pct": [0.05, 1],
            "long_close_trailing_retracement_pct": [0.0001, 0.1],
            "long_close_trailing_threshold_pct": [-0.01, 0.1],
            "long_ema_span_0": [200, 1440],
            "long_ema_span_1": [200, 1440],
            "long_entry_grid_double_down_factor": [0.1, 3],
            "long_entry_grid_spacing_pct": [0.001, 0.06],
            "long_entry_grid_spacing_weight": [0, 10],
            "long_entry_initial_ema_dist": [-0.1, 0.003],
            "long_entry_initial_qty_pct": [0.004, 0.25],
            "long_entry_trailing_grid_ratio": [-1, 1],
            "long_entry_trailing_retracement_pct": [0.0001, 0.1],
            "long_entry_trailing_threshold_pct": [-0.01, 0.1],
            "long_filter_relative_volume_clip_pct": [0, 1],
            "long_filter_rolling_window": [10, 360],
            "long_n_positions": [1, 1],
            "long_total_wallet_exposure_limit": [0.05, 0.05],
            "long_unstuck_close_pct": [0.001, 1],
            "long_unstuck_ema_dist": [-0.1, 0.01],
            "long_unstuck_loss_allowance_pct": [0.001, 1],
            "long_unstuck_threshold": [0.4, 0.95],
            "short_close_grid_markup_range": [0, 0.03],
            "short_close_grid_min_markup": [0.001, 0.03],
            "short_close_grid_qty_pct": [0.05, 1],
            "short_close_trailing_grid_ratio": [-1, 1],
            "short_close_trailing_qty_pct": [0.05, 1],
            "short_close_trailing_retracement_pct": [0.0001, 0.1],
            "short_close_trailing_threshold_pct": [-0.01, 0.1],
            "short_ema_span_0": [200, 1440],
            "short_ema_span_1": [200, 1440],
            "short_entry_grid_double_down_factor": [0.1, 3],
            "short_entry_grid_spacing_pct": [0.001, 0.06],
            "short_entry_grid_spacing_weight": [0, 10],
            "short_entry_initial_ema_dist": [-0.1, 0.003],
            "short_entry_initial_qty_pct": [0.004, 0.25],
            "short_entry_trailing_grid_ratio": [-1, 1],
            "short_entry_trailing_retracement_pct": [0.0001, 0.1],
            "short_entry_trailing_threshold_pct": [-0.01, 0.1],
            "short_filter_relative_volume_clip_pct": [0, 1],
            "short_filter_rolling_window": [10, 360],
            "short_n_positions": [1, 1],
            "short_total_wallet_exposure_limit": [0.05, 0.05],
            "short_unstuck_close_pct": [0.001, 1],
            "short_unstuck_ema_dist": [-0.1, 0.01],
            "short_unstuck_loss_allowance_pct": [0.001, 1],
            "short_unstuck_threshold": [0.4, 0.95]
        },
        "compress_results_file": true,
        "crossover_probability": 0.7,
        "iters": 300000,
        "limits": {
            "lower_bound_drawdown_worst": 0.333,
            "lower_bound_drawdown_worst_mean_1pct": 0.2,
            "lower_bound_equity_balance_diff_neg_max": 0.4,
            "lower_bound_equity_balance_diff_neg_mean": 0.01,
            "lower_bound_equity_balance_diff_pos_max": 0.5,
            "lower_bound_equity_balance_diff_pos_mean": 0.02,
            "lower_bound_loss_profit_ratio": 0.5
        },
        "mutation_probability": 0.2,
        "n_cpus": 10,
        "population_size": 500,
        "scoring": ["mdg", "sterling_ratio"]
    }
}
