{
    "backtest": {
        "base_dir": "backtests",
        "combine_ohlcvs": true,
        "compress_cache": true,
        "end_date": "now",
        "exchanges": ["bybit"],
        "gap_tolerance_ohlcvs_minutes": 120.0,
        "start_date": "2024-10-01",
        "starting_balance": 500
    },
    "bot": {
        "long": {
            "close_grid_markup_range": 0.027112618992655848,
            "close_grid_min_markup": 0.016950017385488472,
            "close_grid_qty_pct": 0.10265565439918023,
            "close_trailing_grid_ratio": -0.3857961756693685,
            "close_trailing_qty_pct": 1.02119859687491,
            "close_trailing_retracement_pct": 0.07486571308583259,
            "close_trailing_threshold_pct": 0.0017949089927599777,
            "ema_span_0": 1216.43583315294,
            "ema_span_1": 1101.7459514901109,
            "enforce_exposure_limit": 1,
            "entry_grid_double_down_factor": 2.4281148957626706,
            "entry_grid_spacing_pct": 0.01651563929306549,
            "entry_grid_spacing_weight": 2.491832766626028,
            "entry_initial_ema_dist": -0.09432406549565554,
            "entry_initial_qty_pct": 0.17171996916147964,
            "entry_trailing_grid_ratio": 0.21423960354258118,
            "entry_trailing_retracement_pct": 0.09870227165693159,
            "entry_trailing_threshold_pct": 0.06142346292876068,
            "filter_relative_volume_clip_pct": 0.7970671210230564,
            "filter_rolling_window": 170.67393660198144,
            "n_positions": 4.936902336030743,
            "total_wallet_exposure_limit": 0.1213815524765952,
            "unstuck_close_pct": 0.4349344561838408,
            "unstuck_ema_dist": 0.0016844499650343452,
            "unstuck_loss_allowance_pct": 0.7046537269010974,
            "unstuck_threshold": 0.6295477873256613
        },
        "short": {
            "close_grid_markup_range": 0.022188756865373502,
            "close_grid_min_markup": 0.0015361802103695914,
            "close_grid_qty_pct": 0.7459649792168462,
            "close_trailing_grid_ratio": -0.5337301762763088,
            "close_trailing_qty_pct": 0.4681983612311202,
            "close_trailing_retracement_pct": 0.03480663820501253,
            "close_trailing_threshold_pct": 0.05640055766935376,
            "ema_span_0": 1127.458245804605,
            "ema_span_1": 552.4967784263745,
            "enforce_exposure_limit": 1,
            "entry_grid_double_down_factor": 2.762626237203714,
            "entry_grid_spacing_pct": 0.030334322034044774,
            "entry_grid_spacing_weight": 9.195418999076558,
            "entry_initial_ema_dist": -0.0850769620428768,
            "entry_initial_qty_pct": 0.04326632360305103,
            "entry_trailing_grid_ratio": 0.6318973792151159,
            "entry_trailing_retracement_pct": 0.07032486978410336,
            "entry_trailing_threshold_pct": 0.051661011316787984,
            "filter_relative_volume_clip_pct": 0.31358857079164704,
            "filter_rolling_window": 61.057638840220896,
            "n_positions": 3.6775636557867593,
            "total_wallet_exposure_limit": 0.12477449378557448,
            "unstuck_close_pct": 0.34700610846784957,
            "unstuck_ema_dist": -0.0005168806882044133,
            "unstuck_loss_allowance_pct": 0.9026881228893572,
            "unstuck_threshold": 0.8983127120541136
        }
    },
    "live": {
        "approved_coins": "configs/bybit/approved_coins.json",
        "auto_gs": true,
        "coin_flags": {},
        "empty_means_all_approved": true,
        "execution_delay_seconds": 2.0,
        "filter_by_min_effective_cost": true,
        "forced_mode_long": "",
        "forced_mode_short": "",
        "ignored_coins": { "long": [], "short": [] },
        "leverage": 5.0,
        "market_orders_allowed": true,
        "max_n_cancellations_per_batch": 5,
        "max_n_creations_per_batch": 3,
        "max_n_restarts_per_day": 10,
        "minimum_coin_age_days": 30.0,
        "ohlcvs_1m_rolling_window_days": 4.0,
        "ohlcvs_1m_update_after_minutes": 10.0,
        "pnls_max_lookback_days": 30.0,
        "price_distance_threshold": 0.002,
        "time_in_force": "good_till_cancelled",
        "user": "bybit_passivbot"
    },
    "optimize": {
        "bounds": {
            "long_close_grid_markup_range": [0.024917736365189993, 0.030455011112909992],
            "long_close_grid_min_markup": [0.0152879788605002, 0.01868530749616691],
            "long_close_grid_qty_pct": [0.09059001996210837, 0.11072113550924357],
            "long_close_trailing_grid_ratio": [-0.4357754679369946, -0.3547253828557229],
            "long_close_trailing_qty_pct": [0.8515192503958061, 1.040745750483763],
            "long_close_trailing_retracement_pct": [0.06767553430220946, 0.08271454192492268],
            "long_close_trailing_threshold_pct": [0.0014913083211160554, 0.0018227101702529566],
            "long_ema_span_0": [1174.0546946070655, 1434.9557378530801],
            "long_ema_span_1": [937.4999311155549, 1145.8332491412337],
            "long_entry_grid_double_down_factor": [2.0606231077283914, 2.518539353890256],
            "long_entry_grid_spacing_pct": [0.013671624104548256, 0.01670976279444787],
            "long_entry_grid_spacing_weight": [2.1342563384230183, 2.6085355247392446],
            "long_entry_initial_ema_dist": [-0.1023132236824178, -0.08371081937652365],
            "long_entry_initial_qty_pct": [0.16850704566096436, 0.20595305580784534],
            "long_entry_trailing_grid_ratio": [0.19149175921433868, 0.23404548348419172],
            "long_entry_trailing_retracement_pct": [0.08326943985485877, 0.10177375982260517],
            "long_entry_trailing_threshold_pct": [0.0568975476138302, 0.06954144708357024],
            "long_filter_relative_volume_clip_pct": [0.6584818955287359, 0.8048112056462327],
            "long_filter_rolling_window": [155.66014865882077, 190.2512928052254],
            "long_n_positions": [3.0, 5.0],
            "long_total_wallet_exposure_limit": [0.1, 0.15],
            "long_unstuck_close_pct": [0.38692278313998174, 0.47290562383775546],
            "long_unstuck_ema_dist": [0.0013895623774455903, 0.0016983530168779437],
            "long_unstuck_loss_allowance_pct": [0.5967543859556509, 0.7293664717235733],
            "long_unstuck_threshold": [0.5490266150318898, 0.671032530705653],
            "short_close_grid_markup_range": [0.01968438790878216, 0.024058696332955973],
            "short_close_grid_min_markup": [0.001372167567831564, 0.001677093694016356],
            "short_close_grid_qty_pct": [0.6205439979847067, 0.7584404419813083],
            "short_close_trailing_grid_ratio": [-0.5527227314413882, -0.4522276893611358],
            "short_close_trailing_qty_pct": [0.3890073438522768, 0.4766756424861161],
            "short_close_trailing_retracement_pct": [0.03181916695000072, 0.03889009293888754],
            "short_close_trailing_threshold_pct": [0.04637729744280328, 0.05668336354120401],
            "short_ema_span_0": [1042.6578731344112, 1274.3596227198358],
            "short_ema_span_1": [500.3081380106498, 611.4877242352386],
            "short_entry_grid_double_down_factor": [2.2921759363021713, 2.8015483665915427],
            "short_entry_grid_spacing_pct": [0.024819155265852006, 0.030334523102708008],
            "short_entry_grid_spacing_weight": [7.523832732078888, 9.195795561429752],
            "short_entry_initial_ema_dist": [-0.09189214598123679, -0.07518448307555737],
            "short_entry_initial_qty_pct": [0.03917256852800958, 0.04787758375645616],
            "short_entry_trailing_grid_ratio": [0.5171663213417545, 0.6320921705288111],
            "short_entry_trailing_retracement_pct": [0.05939386546121596, 0.07259250223037506],
            "short_entry_trailing_threshold_pct": [0.05106266843629471, 0.06240992808880465],