{
    "backtest": {
        "base_dir": "backtests",
        "combine_ohlcvs": true,
        "compress_cache": true,
        "end_date": "now",
        "exchanges": ["bybit"],
        "gap_tolerance_ohlcvs_minutes": 120.0,
        "start_date": "2025-01-27",
        "starting_balance": 500
    },
    "bot": {
        "long": {
            "close_grid_markup_range": 0.025303038338195714,
            "close_grid_min_markup": 0.014624262366273328,
            "close_grid_qty_pct": 0.36901743153653915,
            "close_trailing_grid_ratio": -0.6201906834039151,
            "close_trailing_qty_pct": 0.4185298272767051,
            "close_trailing_retracement_pct": 0.026486236246178654,
            "close_trailing_threshold_pct": 0.09300234872117413,
            "ema_span_0": 810.6253369754417,
            "ema_span_1": 1144.946881175558,
            "enforce_exposure_limit": 1,
            "entry_grid_double_down_factor": 2.071881017413366,
            "entry_grid_spacing_pct": 0.027643450986002207,
            "entry_grid_spacing_weight": 1.6611997107868346,
            "entry_initial_ema_dist": -0.08676031217723952,
            "entry_initial_qty_pct": 0.09851553985970016,
            "entry_trailing_grid_ratio": -0.7267998647248748,
            "entry_trailing_retracement_pct": 0.07811457467394405,
            "entry_trailing_threshold_pct": 0.05539776546517928,
            "filter_relative_volume_clip_pct": 0.22618492754737968,
            "filter_rolling_window": 120.1780990761499,
            "n_positions": 2.0549365910540978,
            "total_wallet_exposure_limit": 0.10522549879893121,
            "unstuck_close_pct": 0.04768828227429311,
            "unstuck_ema_dist": -0.0074030751694057605,
            "unstuck_loss_allowance_pct": 0.03474408884980691,
            "unstuck_threshold": 0.567092350383385
        },
        "short": {
            "close_grid_markup_range": 0.0075768455119513125,
            "close_grid_min_markup": 0.009056895932262264,
            "close_grid_qty_pct": 0.09635423193056854,
            "close_trailing_grid_ratio": -0.6016243127383077,
            "close_trailing_qty_pct": 0.8242175741594207,
            "close_trailing_retracement_pct": 0.04329012377413605,
            "close_trailing_threshold_pct": 0.0724668608410946,
            "ema_span_0": 549.9042580536853,
            "ema_span_1": 241.74945586131955,
            "enforce_exposure_limit": 1,
            "entry_grid_double_down_factor": 2.5788691786484024,
            "entry_grid_spacing_pct": 0.05599496291594199,
            "entry_grid_spacing_weight": 4.367419707873158,
            "entry_initial_ema_dist": -0.09044230998712356,
            "entry_initial_qty_pct": 0.05504787991540635,
            "entry_trailing_grid_ratio": -0.5264760205551268,
            "entry_trailing_retracement_pct": 0.04676522624078834,
            "entry_trailing_threshold_pct": 0.047411646468699324,
            "filter_relative_volume_clip_pct": 0.888692075457212,
            "filter_rolling_window": 216.2841383040363,
            "n_positions": 1.500397516638824,
            "total_wallet_exposure_limit": 0.49902772827785224,
            "unstuck_close_pct": 0.020487045480147115,
            "unstuck_ema_dist": -0.04488661883329739,
            "unstuck_loss_allowance_pct": 0.004942434774718207,
            "unstuck_threshold": 0.8501617745705423
        }
    },
    "live": {
        "approved_coins": ["FARTCOIN", "OP"],
        "auto_gs": true,
        "coin_flags": {},
        "empty_means_all_approved": true,
        "execution_delay_seconds": 2.0,
        "filter_by_min_effective_cost": true,
        "forced_mode_long": "",
        "forced_mode_short": "",
        "ignored_coins": { "long": [], "short": [] },
        "leverage": 10.0,
        "market_orders_allowed": true,
        "max_n_cancellations_per_batch": 5,
        "max_n_creations_per_batch": 3,
        "max_n_restarts_per_day": 10,
        "minimum_coin_age_days": 30.0,
        "ohlcvs_1m_rolling_window_days": 4.0,
        "ohlcvs_1m_update_after_minutes": 10.0,
        "pnls_max_lookback_days": 30.0,
        "price_distance_threshold": 0.002,
        "time_in_force": "good_till_cancelled",
        "user": "bybit_passivbot"
    },
    "optimize": {
        "bounds": {
            "long_close_grid_markup_range": [0, 0.03],
            "long_close_grid_min_markup": [0.001, 0.03],
            "long_close_grid_qty_pct": [0.05, 1.0],
            "long_close_trailing_grid_ratio": [-0.75, -0.5],
            "long_close_trailing_qty_pct": [0.05, 1.0],
            "long_close_trailing_retracement_pct": [0.01, 0.05],
            "long_close_trailing_threshold_pct": [0.03, 0.1],
            "long_ema_span_0": [200, 1440],
            "long_ema_span_1": [200, 1440],
            "long_entry_grid_double_down_factor": [1.0, 3.0],
            "long_entry_grid_spacing_pct": [0.001, 0.06],
            "long_entry_grid_spacing_weight": [0, 5],
            "long_entry_initial_ema_dist": [-0.1, 0.003],
            "long_entry_initial_qty_pct": [0.05, 0.25],
            "long_entry_trailing_grid_ratio": [-0.75, -0.5],
            "long_entry_trailing_retracement_pct": [0.01, 0.1],
            "long_entry_trailing_threshold_pct": [0.01, 0.1],
            "long_filter_relative_volume_clip_pct": [0, 1],
            "long_filter_rolling_window": [10, 360],
            "long_n_positions": [1.5, 2.4],
            "long_total_wallet_exposure_limit": [0.05, 0.5],
            "long_unstuck_close_pct": [0.001, 0.1],
            "long_unstuck_ema_dist": [-0.1, 0.01],
            "long_unstuck_loss_allowance_pct": [0.001, 0.05],
            "long_unstuck_threshold": [0.4, 0.95],
            "short_close_grid_markup_range": [0, 0.03],
            "short_close_grid_min_markup": [0.001, 0.03],
            "short_close_grid_qty_pct": [0.05, 1.0],
            "short_close_trailing_grid_ratio": [-0.75, -0.5],
            "short_close_trailing_qty_pct": [0.05, 1.0],
            "short_close_trailing_retracement_pct": [0.01, 0.05],
            "short_close_trailing_threshold_pct": [0.03, 0.1],
            "short_ema_span_0": [200, 1440],
            "short_ema_span_1": [200, 1440],
            "short_entry_grid_double_down_factor": [1.0, 3.0],
            "short_entry_grid_spacing_pct": [0.001, 0.06],
            "short_entry_grid_spacing_weight": [0, 5],
            "short_entry_initial_ema_dist": [-0.1, 0.003],
            "short_entry_initial_qty_pct": [0.05, 0.25],
            "short_entry_trailing_grid_ratio": [-0.75, -0.5],
            "short_entry_trailing_retracement_pct": [0.01, 0.05],
            "short_entry_trailing_threshold_pct": [0.01, 0.1],
            "short_filter_relative_volume_clip_pct": [0, 1],
            "short_filter_rolling_window": [10, 360],
            "short_n_positions": [1.5, 2.4],
            "short_total_wallet_exposure_limit": [0.05, 0.5],
            "short_unstuck_close_pct": [0.001, 0.1],
            "short_unstuck_ema_dist": [-0.1, 0.01],
            "short_unstuck_loss_allowance_pct": [0.001, 0.05],
            "short_unstuck_threshold": [0.4, 0.95]
        },
        "compress_results_file": true,
        "crossover_probability": 0.7,
        "iters": 300000,
        "limits": {
            "lower_bound_drawdown_worst": 0.333,
            "lower_bound_drawdown_worst_mean_1pct": 0.2,
            "lower_bound_equity_balance_diff_neg_max": 0.4,
            "lower_bound_equity_balance_diff_neg_mean": 0.01,
            "lower_bound_equity_balance_diff_pos_max": 0.5,
            "lower_bound_equity_balance_diff_pos_mean": 0.02,
            "lower_bound_loss_profit_ratio": 0.5
        },
        "mutation_probability": 0.2,
        "n_cpus": 10,
        "population_size": 500,
        "scoring": ["mdg", "sterling_ratio"]
    }
}
