{
    "backtest": {
        "base_dir": "backtests",
        "combine_ohlcvs": true,
        "compress_cache": true,
        "end_date": "now",
        "exchanges": ["bybit"],
        "gap_tolerance_ohlcvs_minutes": 120.0,
        "start_date": "2025-01-27",
        "starting_balance": 10000
    },
    "bot": {
        "long": {
            "close_grid_markup_range": 0.03874971212652321,
            "close_grid_min_markup": 0.0028036542799131405,
            "close_grid_qty_pct": 0.721481921238826,
            "close_trailing_grid_ratio": -0.30363646771299213,
            "close_trailing_qty_pct": 0.7102002300147943,
            "close_trailing_retracement_pct": 0.024892849024080173,
            "close_trailing_threshold_pct": 0.037947368816059354,
            "ema_span_0": 411.09539995524716,
            "ema_span_1": 394.58216734057476,
            "enforce_exposure_limit": 1,
            "entry_grid_double_down_factor": 2.6465066743347774,
            "entry_grid_spacing_pct": 0.007080075562634545,
            "entry_grid_spacing_weight": 0.20934276528305923,
            "entry_initial_ema_dist": -0.06455895858612404,
            "entry_initial_qty_pct": 0.0704826496382712,
            "entry_trailing_grid_ratio": -0.8348598944672001,
            "entry_trailing_retracement_pct": 0.010146626199755749,
            "entry_trailing_threshold_pct": 0.03824702255005357,
            "filter_relative_volume_clip_pct": 0.6077173044427772,
            "filter_rolling_window": 272.2881732093207,
            "n_positions": 2.2155329700820223,
            "total_wallet_exposure_limit": 0.07078471882666063,
            "unstuck_close_pct": 0.08943941116508317,
            "unstuck_ema_dist": -0.0488152636471143,
            "unstuck_loss_allowance_pct": 0.042084433221111855,
            "unstuck_threshold": 0.6782174189799843
        },
        "short": {
            "close_grid_markup_range": 0.01496276802981327,
            "close_grid_min_markup": 0.002262028987091005,
            "close_grid_qty_pct": 0.5609739649971153,
            "close_trailing_grid_ratio": -0.28129362224431803,
            "close_trailing_qty_pct": 0.5679171271282177,
            "close_trailing_retracement_pct": 0.018949022380750948,
            "close_trailing_threshold_pct": 0.04970180150882388,
            "ema_span_0": 803.3727258576594,
            "ema_span_1": 220.18221110915675,
            "enforce_exposure_limit": 1,
            "entry_grid_double_down_factor": 2.6994871105740192,
            "entry_grid_spacing_pct": 0.005601842631184624,
            "entry_grid_spacing_weight": 0.2692120779617759,
            "entry_initial_ema_dist": -0.05624666968623454,
            "entry_initial_qty_pct": 0.056203552491088375,
            "entry_trailing_grid_ratio": -0.936954885405563,
            "entry_trailing_retracement_pct": 0.01146421419678423,
            "entry_trailing_threshold_pct": 0.020123419683884487,
            "filter_relative_volume_clip_pct": 0.20339980627976825,
            "filter_rolling_window": 135.63500793782123,
            "n_positions": 1.518500128474901,
            "total_wallet_exposure_limit": 0.3824578642850819,
            "unstuck_close_pct": 0.046816516816060846,
            "unstuck_ema_dist": -0.04919679179691722,
            "unstuck_loss_allowance_pct": 0.006350546446621,
            "unstuck_threshold": 0.6439758798972457
        }
    },
    "live": {
        "approved_coins": ["FARTCOIN", "OP"],
        "auto_gs": true,
        "coin_flags": {},
        "empty_means_all_approved": true,
        "execution_delay_seconds": 2.0,
        "filter_by_min_effective_cost": true,
        "forced_mode_long": "",
        "forced_mode_short": "",
        "ignored_coins": { "long": [], "short": [] },
        "leverage": 10.0,
        "market_orders_allowed": true,
        "max_n_cancellations_per_batch": 5,
        "max_n_creations_per_batch": 3,
        "max_n_restarts_per_day": 10,
        "minimum_coin_age_days": 30.0,
        "ohlcvs_1m_rolling_window_days": 4.0,
        "ohlcvs_1m_update_after_minutes": 10.0,
        "pnls_max_lookback_days": 30.0,
        "price_distance_threshold": 0.002,
        "time_in_force": "good_till_cancelled",
        "user": "bybit_passivbot"
    },
    "optimize": {
        "bounds": {
            "long_close_grid_markup_range": [0.005, 0.05],
            "long_close_grid_min_markup": [0.001, 0.005],
            "long_close_grid_qty_pct": [0.5, 0.75],
            "long_close_trailing_grid_ratio": [-0.5, -0.25],
            "long_close_trailing_qty_pct": [0.5, 0.75],
            "long_close_trailing_retracement_pct": [0.015, 0.025],
            "long_close_trailing_threshold_pct": [0.025, 0.05],
            "long_ema_span_0": [200, 1440],
            "long_ema_span_1": [200, 1440],
            "long_entry_grid_double_down_factor": [2.0, 3.0],
            "long_entry_grid_spacing_pct": [0.001, 0.02],
            "long_entry_grid_spacing_weight": [0, 1.0],
            "long_entry_initial_ema_dist": [-0.1, 0.003],
            "long_entry_initial_qty_pct": [0.05, 0.15],
            "long_entry_trailing_grid_ratio": [-0.95, -0.75],
            "long_entry_trailing_retracement_pct": [0.01, 0.02],
            "long_entry_trailing_threshold_pct": [0.02, 0.04],
            "long_filter_relative_volume_clip_pct": [0, 1],
            "long_filter_rolling_window": [10, 360],
            "long_n_positions": [1.5, 2.4],
            "long_total_wallet_exposure_limit": [0.05, 0.5],
            "long_unstuck_close_pct": [0.001, 0.1],
            "long_unstuck_ema_dist": [-0.1, 0.01],
            "long_unstuck_loss_allowance_pct": [0.001, 0.05],
            "long_unstuck_threshold": [0.4, 0.95],
            "short_close_grid_markup_range": [0.005, 0.05],
            "short_close_grid_min_markup": [0.001, 0.005],
            "short_close_grid_qty_pct": [0.5, 0.75],
            "short_close_trailing_grid_ratio": [-0.5, -0.25],
            "short_close_trailing_qty_pct": [0.5, 0.75],
            "short_close_trailing_retracement_pct": [0.015, 0.025],
            "short_close_trailing_threshold_pct": [0.025, 0.05],
            "short_ema_span_0": [200, 1440],
            "short_ema_span_1": [200, 1440],
            "short_entry_grid_double_down_factor": [2.0, 3.0],
            "short_entry_grid_spacing_pct": [0.001, 0.02],
            "short_entry_grid_spacing_weight": [0, 1.0],
            "short_entry_initial_ema_dist": [-0.1, 0.003],
            "short_entry_initial_qty_pct": [0.05, 0.15],
            "short_entry_trailing_grid_ratio": [-0.95, -0.75],
            "short_entry_trailing_retracement_pct": [0.01, 0.02],
            "short_entry_trailing_threshold_pct": [0.02, 0.04],
            "short_filter_relative_volume_clip_pct": [0, 1],
            "short_filter_rolling_window": [10, 360],
            "short_n_positions": [1.5, 2.4],
            "short_total_wallet_exposure_limit": [0.05, 0.5],
            "short_unstuck_close_pct": [0.001, 0.1],
            "short_unstuck_ema_dist": [-0.1, 0.01],
            "short_unstuck_loss_allowance_pct": [0.001, 0.05],
            "short_unstuck_threshold": [0.4, 0.95]
        },
        "compress_results_file": true,
        "crossover_probability": 0.7,
        "iters": 300000,
        "limits": {
            "lower_bound_drawdown_worst": 0.333,
            "lower_bound_drawdown_worst_mean_1pct": 0.2,
            "lower_bound_equity_balance_diff_neg_max": 0.4,
            "lower_bound_equity_balance_diff_neg_mean": 0.01,
            "lower_bound_equity_balance_diff_pos_max": 0.5,
            "lower_bound_equity_balance_diff_pos_mean": 0.02,
            "lower_bound_loss_profit_ratio": 0.5
        },
        "mutation_probability": 0.2,
        "n_cpus": 10,
        "population_size": 500,
        "scoring": ["mdg", "sterling_ratio"]
    }
}
