{
    "backtest": {
        "base_dir": "backtests",
        "combine_ohlcvs": true,
        "compress_cache": true,
        "end_date": "now",
        "exchanges": ["bybit"],
        "gap_tolerance_ohlcvs_minutes": 120.0,
        "start_date": "2025-02-01",
        "starting_balance": 500
    },
    "bot": {
        "long": {
            "close_grid_markup_range": 0.014598811100854567,
            "close_grid_min_markup": 0.020006947590346467,
            "close_grid_qty_pct": 0.7224751467810682,
            "close_trailing_grid_ratio": -0.0012568907093755896,
            "close_trailing_qty_pct": 0.6678848734912122,
            "close_trailing_retracement_pct": 0.05415521748572331,
            "close_trailing_threshold_pct": 0.013351029653639875,
            "ema_span_0": 419.2798831653989,
            "ema_span_1": 274.18300881471,
            "enforce_exposure_limit": 1,
            "entry_grid_double_down_factor": 2.685859640035693,
            "entry_grid_spacing_pct": 0.002526312556719926,
            "entry_grid_spacing_weight": 0.950574191459772,
            "entry_initial_ema_dist": -0.0009327451036916503,
            "entry_initial_qty_pct": 0.13500345575303324,
            "entry_trailing_grid_ratio": 0.8434119923097244,
            "entry_trailing_retracement_pct": 0.07442765141110125,
            "entry_trailing_threshold_pct": 0.046319387821412865,
            "filter_relative_volume_clip_pct": 0.343059315452265,
            "filter_rolling_window": 27.520700175759096,
            "n_positions": 2.42709437709777,
            "total_wallet_exposure_limit": 0.1468476873598301,
            "unstuck_close_pct": 0.2321708706615739,
            "unstuck_ema_dist": -0.04160397658139069,
            "unstuck_loss_allowance_pct": 0.564271721336419,
            "unstuck_threshold": 0.854202148460783
        },
        "short": {
            "close_grid_markup_range": 0.011887824645311344,
            "close_grid_min_markup": 0.006531712104915996,
            "close_grid_qty_pct": 0.12108862944540057,
            "close_trailing_grid_ratio": 0.4071903911800311,
            "close_trailing_qty_pct": 0.14144405733261745,
            "close_trailing_retracement_pct": 0.07474030734282863,
            "close_trailing_threshold_pct": 0.017134827758621733,
            "ema_span_0": 925.9650801409751,
            "ema_span_1": 468.7967794525881,
            "enforce_exposure_limit": 1,
            "entry_grid_double_down_factor": 1.8302651208856153,
            "entry_grid_spacing_pct": 0.030175358172367224,
            "entry_grid_spacing_weight": 0.6793244711153613,
            "entry_initial_ema_dist": -0.06160749059482575,
            "entry_initial_qty_pct": 0.040743118735937944,
            "entry_trailing_grid_ratio": -0.002250161604652303,
            "entry_trailing_retracement_pct": 0.06024171883923364,
            "entry_trailing_threshold_pct": 0.08457036869900139,
            "filter_relative_volume_clip_pct": 0.28741905976657117,
            "filter_rolling_window": 227.85377879392726,
            "n_positions": 2.548404498999765,
            "total_wallet_exposure_limit": 0.14875363388026666,
            "unstuck_close_pct": 0.6119238678502518,
            "unstuck_ema_dist": -0.010525479430786815,
            "unstuck_loss_allowance_pct": 0.4717027787971558,
            "unstuck_threshold": 0.47119748517179494
        }
    },
    "live": {
        "approved_coins": ["FARTCOIN", "BONK", "SHIB", "KDA", "EGLD", "OP", "HYPE", "LINK"],
        "auto_gs": true,
        "coin_flags": {},
        "empty_means_all_approved": true,
        "execution_delay_seconds": 2.0,
        "filter_by_min_effective_cost": true,
        "forced_mode_long": "",
        "forced_mode_short": "",
        "ignored_coins": { "long": [], "short": [] },
        "leverage": 10.0,
        "market_orders_allowed": true,
        "max_n_cancellations_per_batch": 5,
        "max_n_creations_per_batch": 3,
        "max_n_restarts_per_day": 10,
        "minimum_coin_age_days": 30.0,
        "ohlcvs_1m_rolling_window_days": 4.0,
        "ohlcvs_1m_update_after_minutes": 10.0,
        "pnls_max_lookback_days": 30.0,
        "price_distance_threshold": 0.002,
        "time_in_force": "good_till_cancelled",
        "user": "bybit_passivbot"
    },
    "optimize": {
        "bounds": {
            "long_close_grid_markup_range": [0.014199445257981435, 0.017354877537532865],
            "long_close_grid_min_markup": [0.016458238376303596, 0.02011562468214884],
            "long_close_grid_qty_pct": [0.7018394293435091, 0.8578037469754001],
            "long_close_trailing_grid_ratio": [-1, 0],
            "long_close_trailing_qty_pct": [0.6417721471628787, 0.7843881798657406],
            "long_close_trailing_retracement_pct": [0.04570539989756066, 0.05586215543035192],
            "long_close_trailing_threshold_pct": [0.012786995679261504, 0.01562855027465295],
            "long_ema_span_0": [200, 1440],
            "long_ema_span_1": [200, 1440],
            "long_entry_grid_double_down_factor": [2.508528777532759, 3.065979616984483],
            "long_entry_grid_spacing_pct": [0.002303882567502485, 0.002815856471391926],
            "long_entry_grid_spacing_weight": [0.8021461439508129, 0.9804008426065491],
            "long_entry_initial_ema_dist": [-0.0009634064904088445, -0.0007882416739708727],
            "long_entry_initial_qty_pct": [0.13093618817085935, 0.16003311887549475],
            "long_entry_trailing_grid_ratio": [0, 1],
            "long_entry_trailing_retracement_pct": [0.06097994365083396, 0.07453104223990818],
            "long_entry_trailing_threshold_pct": [0.0445317712222275, 0.05442772038272249],
            "long_filter_relative_volume_clip_pct": [0, 1],
            "long_filter_rolling_window": [10, 360],
            "long_n_positions": [2.4, 8.0],
            "long_total_wallet_exposure_limit": [0.05, 0.15],
            "long_unstuck_close_pct": [0.2222391568856563, 0.2716256361935799],
            "long_unstuck_ema_dist": [-0.04711208345468765, -0.03854625009928989],
            "long_unstuck_loss_allowance_pct": [0.5177080011896983, 0.6327564458985201],
            "long_unstuck_threshold": [0.7935042091864042, 0.9698384778944939],
            "short_close_grid_markup_range": [0.010249842445035307, 0.01252758521282093],
            "short_close_grid_min_markup": [0.005390845475531167, 0.006588811136760316],
            "short_close_grid_qty_pct": [0.10602128419779486, 0.1295815695750826],
            "short_close_trailing_grid_ratio": [0, 1],
            "short_close_trailing_qty_pct": [0.1302568772702934, 0.15920285099602526],
            "short_close_trailing_retracement_pct": [0.07388102757164235, 0.090299033698674],
            "short_close_trailing_threshold_pct": [0.016810068120948583, 0.020545638814492713],
            "short_ema_span_0": [200, 1440],
            "short_ema_span_1": [200, 1440],
            "short_entry_grid_double_down_factor": [1.6900292979438618, 2.065591364153608],
            "short_entry_grid_spacing_pct": [0.02785171136809783, 0.03404198056323067],
            "short_entry_grid_spacing_weight": [0.591369159693708, 0.722784528514532],
            "short_entry_initial_ema_dist": [-0.07073924191656072, -0.05787756156791332],
            "short_entry_initial_qty_pct": [0.03951133314604987, 0.04829162940072761],
            "short_entry_trailing_grid_ratio": [-1, 0],
            "short_entry_trailing_retracement_pct": [0.05134398158893989, 0.06275375527537097],
            "short_entry_trailing_threshold_pct": [0.08298898149141041, 0.10143097737839051],
            "short_filter_relative_volume_clip_pct": [0, 1],
            "short_filter_rolling_window": [10, 360],
            "short_n_positions": [2.4, 8.0],
            "short_total_wallet_exposure_limit": [0.05, 0.15],
            "short_unstuck_close_pct": [0.5291116183013159, 0.6466921779238306],